year_value,site_id,depth_to_gw_ft,depth_to_gw_m,latitude,longitude,data_source,region,bbox_side,open_et_version,scaled_annual_et_avg,mean_et,mean_precip,et_precip_ratio,precip_variation
2000,KSGS.371852100505801,239.39,72.966072,37.31502,-100.8505,USGS,Southern Kansas,10,2.0,682.922,706.2484285714286,549.9321,1.284246530523818,1.978354845305797
2001,KSGS.371852100505801,241.96,73.749408,37.31502,-100.8505,USGS,Southern Kansas,10,2.0,666.249,706.2484285714286,549.9321,1.284246530523818,1.978354845305797
2002,KSGS.371852100505801,242.78,73.999344,37.31502,-100.8505,USGS,Southern Kansas,10,2.0,631.744,706.2484285714286,549.9321,1.284246530523818,1.978354845305797
2003,KSGS.371852100505801,246.71,75.197208,37.31502,-100.8505,USGS,Southern Kansas,10,2.0,722.681,706.2484285714286,549.9321,1.284246530523818,1.978354845305797
2004,KSGS.371852100505801,247.71,75.502008,37.31502,-100.8505,USGS,Southern Kansas,10,2.0,686.214,706.2484285714286,549.9321,1.284246530523818,1.978354845305797
2005,KSGS.371852100505801,246.96,75.273408,37.31502,-100.8505,USGS,Southern Kansas,10,2.0,752.509,706.2484285714286,549.9321,1.284246530523818,1.978354845305797
2006,KSGS.371852100505801,248.07,75.611736,37.31502,-100.8505,USGS,Southern Kansas,10,2.0,677.273,706.2484285714286,549.9321,1.284246530523818,1.978354845305797
2007,KSGS.371852100505801,249.56,76.065888,37.31502,-100.8505,USGS,Southern Kansas,10,2.0,721.202,706.2484285714286,549.9321,1.284246530523818,1.978354845305797
2008,KSGS.371852100505801,252.74,77.035152,37.31502,-100.8505,USGS,Southern Kansas,10,2.0,606.085,706.2484285714286,549.9321,1.284246530523818,1.978354845305797
2009,KSGS.371852100505801,254.04,77.431392,37.31502,-100.8505,USGS,Southern Kansas,10,2.0,699.658,706.2484285714286,549.9321,1.284246530523818,1.978354845305797
2010,KSGS.371852100505801,255.87,77.989176,37.31502,-100.8505,USGS,Southern Kansas,10,2.0,708.353,706.2484285714286,549.9321,1.284246530523818,1.978354845305797
2011,KSGS.371852100505801,257.2,78.39456,37.31502,-100.8505,USGS,Southern Kansas,10,2.0,625.031,706.2484285714286,549.9321,1.284246530523818,1.978354845305797
2012,KSGS.371852100505801,263.27,80.244696,37.31502,-100.8505,USGS,Southern Kansas,10,2.0,628.919,706.2484285714286,549.9321,1.284246530523818,1.978354845305797
2013,KSGS.371852100505801,266.14,81.119472,37.31502,-100.8505,USGS,Southern Kansas,10,2.0,680.083,706.2484285714286,549.9321,1.284246530523818,1.978354845305797
2014,KSGS.371852100505801,269.79,82.231992,37.31502,-100.8505,USGS,Southern Kansas,10,2.0,726.046,706.2484285714286,549.9321,1.284246530523818,1.978354845305797
2015,KSGS.371852100505801,271.88,82.869024,37.31502,-100.8505,USGS,Southern Kansas,10,2.0,813.394,706.2484285714286,549.9321,1.284246530523818,1.978354845305797
2016,KSGS.371852100505801,272.95,83.19516,37.31502,-100.8505,USGS,Southern Kansas,10,2.0,797.603,706.2484285714286,549.9321,1.284246530523818,1.978354845305797
2017,KSGS.371852100505801,273.12,83.246976,37.31502,-100.8505,USGS,Southern Kansas,10,2.0,641.808,706.2484285714286,549.9321,1.284246530523818,1.978354845305797
2018,KSGS.371852100505801,274.94,83.801712,37.31502,-100.8505,USGS,Southern Kansas,10,2.0,716.205,706.2484285714286,549.9321,1.284246530523818,1.978354845305797
2019,KSGS.371852100505801,276.45,84.26196,37.31502,-100.8505,USGS,Southern Kansas,10,2.0,809.603,706.2484285714286,549.9321,1.284246530523818,1.978354845305797
2020,KSGS.371852100505801,276.24,84.197952,37.31502,-100.8505,USGS,Southern Kansas,10,2.1,837.635,706.2484285714286,549.9321,1.284246530523818,1.978354845305797
2000,KSGS.372043101363101,227.26,69.268848,37.34495,-101.6104,USGS,Southern Kansas,10,2.0,583.545,597.8633809523809,511.8118,1.1681312997802116,1.920372873039577
2001,KSGS.372043101363101,228.25,69.5706,37.34495,-101.6104,USGS,Southern Kansas,10,2.0,604.011,597.8633809523809,511.8118,1.1681312997802116,1.920372873039577
2002,KSGS.372043101363101,230.64,70.299072,37.34495,-101.6104,USGS,Southern Kansas,10,2.0,527.524,597.8633809523809,511.8118,1.1681312997802116,1.920372873039577
2003,KSGS.372043101363101,229.63,69.991224,37.34495,-101.6104,USGS,Southern Kansas,10,2.0,696.003,597.8633809523809,511.8118,1.1681312997802116,1.920372873039577
2004,KSGS.372043101363101,231.16,70.457568,37.34495,-101.6104,USGS,Southern Kansas,10,2.0,562.65,597.8633809523809,511.8118,1.1681312997802116,1.920372873039577
2005,KSGS.372043101363101,229.91,70.076568,37.34495,-101.6104,USGS,Southern Kansas,10,2.0,704.41,597.8633809523809,511.8118,1.1681312997802116,1.920372873039577
2006,KSGS.372043101363101,229.29,69.887592,37.34495,-101.6104,USGS,Southern Kansas,10,2.0,553.369,597.8633809523809,511.8118,1.1681312997802116,1.920372873039577
2007,KSGS.372043101363101,231.51,70.564248,37.34495,-101.6104,USGS,Southern Kansas,10,2.0,625.215,597.8633809523809,511.8118,1.1681312997802116,1.920372873039577
2008,KSGS.372043101363101,232.78,70.951344,37.34495,-101.6104,USGS,Southern Kansas,10,2.0,495.303,597.8633809523809,511.8118,1.1681312997802116,1.920372873039577
2009,KSGS.372043101363101,233.46,71.158608,37.34495,-101.6104,USGS,Southern Kansas,10,2.0,590.131,597.8633809523809,511.8118,1.1681312997802116,1.920372873039577
2010,KSGS.372043101363101,233.45,71.15556,37.34495,-101.6104,USGS,Southern Kansas,10,2.0,581.697,597.8633809523809,511.8118,1.1681312997802116,1.920372873039577
2011,KSGS.372043101363101,236.4,72.05472,37.34495,-101.6104,USGS,Southern Kansas,10,2.0,429.087,597.8633809523809,511.8118,1.1681312997802116,1.920372873039577
2012,KSGS.372043101363101,237.36,72.347328,37.34495,-101.6104,USGS,Southern Kansas,10,2.0,568.999,597.8633809523809,511.8118,1.1681312997802116,1.920372873039577
2013,KSGS.372043101363101,238.36,72.652128,37.34495,-101.6104,USGS,Southern Kansas,10,2.0,601.019,597.8633809523809,511.8118,1.1681312997802116,1.920372873039577
2014,KSGS.372043101363101,239.88,73.115424,37.34495,-101.6104,USGS,Southern Kansas,10,2.0,568.184,597.8633809523809,511.8118,1.1681312997802116,1.920372873039577
2015,KSGS.372043101363101,239.29,72.935592,37.34495,-101.6104,USGS,Southern Kansas,10,2.0,643.228,597.8633809523809,511.8118,1.1681312997802116,1.920372873039577
2016,KSGS.372043101363101,240.05,73.16724,37.34495,-101.6104,USGS,Southern Kansas,10,2.0,738.847,597.8633809523809,511.8118,1.1681312997802116,1.920372873039577
2017,KSGS.372043101363101,241.06,73.475088,37.34495,-101.6104,USGS,Southern Kansas,10,2.0,620.947,597.8633809523809,511.8118,1.1681312997802116,1.920372873039577
2018,KSGS.372043101363101,239.585,73.025508,37.34495,-101.6104,USGS,Southern Kansas,10,2.0,701.663,597.8633809523809,511.8118,1.1681312997802116,1.920372873039577
2019,KSGS.372043101363101,240.12,73.188576,37.34495,-101.6104,USGS,Southern Kansas,10,2.0,656.537,597.8633809523809,511.8118,1.1681312997802116,1.920372873039577
2020,KSGS.372043101363101,237.78,72.475344,37.34495,-101.6104,USGS,Southern Kansas,10,2.1,502.762,597.8633809523809,511.8118,1.1681312997802116,1.920372873039577
2000,KSGS.372539100142504,65.97,20.107656,37.42949,-100.2434,USGS,Southern Kansas,10,2.0,779.676,759.4991904761905,605.33093,1.254684255424461,1.9576433436584808
2001,KSGS.372539100142504,68.68,20.933664,37.42949,-100.2434,USGS,Southern Kansas,10,2.0,766.573,759.4991904761905,605.33093,1.254684255424461,1.9576433436584808
2002,KSGS.372539100142504,74.66,22.756368,37.42949,-100.2434,USGS,Southern Kansas,10,2.0,710.421,759.4991904761905,605.33093,1.254684255424461,1.9576433436584808
2003,KSGS.372539100142504,77.68,23.676864,37.42949,-100.2434,USGS,Southern Kansas,10,2.0,789.928,759.4991904761905,605.33093,1.254684255424461,1.9576433436584808
2004,KSGS.372539100142504,79.49,24.228552,37.42949,-100.2434,USGS,Southern Kansas,10,2.0,732.398,759.4991904761905,605.33093,1.254684255424461,1.9576433436584808
2005,KSGS.372539100142504,79.03,24.088344,37.42949,-100.2434,USGS,Southern Kansas,10,2.0,824.759,759.4991904761905,605.33093,1.254684255424461,1.9576433436584808
2006,KSGS.372539100142504,76.73,23.387304,37.42949,-100.2434,USGS,Southern Kansas,10,2.0,733.337,759.4991904761905,605.33093,1.254684255424461,1.9576433436584808
2007,KSGS.372539100142504,75.9,23.13432,37.42949,-100.2434,USGS,Southern Kansas,10,2.0,797.487,759.4991904761905,605.33093,1.254684255424461,1.9576433436584808
2008,KSGS.372539100142504,83.14,25.341072,37.42949,-100.2434,USGS,Southern Kansas,10,2.0,707.228,759.4991904761905,605.33093,1.254684255424461,1.9576433436584808
2009,KSGS.372539100142504,89.28,27.212544,37.42949,-100.2434,USGS,Southern Kansas,10,2.0,724.124,759.4991904761905,605.33093,1.254684255424461,1.9576433436584808
2010,KSGS.372539100142504,94.36,28.760928,37.42949,-100.2434,USGS,Southern Kansas,10,2.0,774.032,759.4991904761905,605.33093,1.254684255424461,1.9576433436584808
2011,KSGS.372539100142504,99.13,30.214824,37.42949,-100.2434,USGS,Southern Kansas,10,2.0,661.348,759.4991904761905,605.33093,1.254684255424461,1.9576433436584808
2012,KSGS.372539100142504,110.94,33.814512,37.42949,-100.2434,USGS,Southern Kansas,10,2.0,647.6,759.4991904761905,605.33093,1.254684255424461,1.9576433436584808
2013,KSGS.372539100142504,115.61,35.237928,37.42949,-100.2434,USGS,Southern Kansas,10,2.0,704.811,759.4991904761905,605.33093,1.254684255424461,1.9576433436584808
2014,KSGS.372539100142504,119.38,36.387024,37.42949,-100.2434,USGS,Southern Kansas,10,2.0,794.784,759.4991904761905,605.33093,1.254684255424461,1.9576433436584808
2015,KSGS.372539100142504,122.245,37.260276,37.42949,-100.2434,USGS,Southern Kansas,10,2.0,816.187,759.4991904761905,605.33093,1.254684255424461,1.9576433436584808
2016,KSGS.372539100142504,122.55,37.35324,37.42949,-100.2434,USGS,Southern Kansas,10,2.0,812.994,759.4991904761905,605.33093,1.254684255424461,1.9576433436584808
2017,KSGS.372539100142504,122.4,37.30752,37.42949,-100.2434,USGS,Southern Kansas,10,2.0,736.763,759.4991904761905,605.33093,1.254684255424461,1.9576433436584808
2018,KSGS.372539100142504,123.6,37.67328,37.42949,-100.2434,USGS,Southern Kansas,10,2.0,755.822,759.4991904761905,605.33093,1.254684255424461,1.9576433436584808
2019,KSGS.372539100142504,124.62,37.984176,37.42949,-100.2434,USGS,Southern Kansas,10,2.0,797.17,759.4991904761905,605.33093,1.254684255424461,1.9576433436584808
2020,KSGS.372539100142504,126.95,38.69436,37.42949,-100.2434,USGS,Southern Kansas,10,2.1,882.041,759.4991904761905,605.33093,1.254684255424461,1.9576433436584808
2000,KSGS.373331098033301,20.15,6.14172,37.56096,-98.058,USGS,Southern Kansas,10,2.0,781.355,796.2866666666666,930.5627,0.8557044905446918,1.9510198920353157
2001,KSGS.373331098033301,18.86,5.748528,37.56096,-98.058,USGS,Southern Kansas,10,2.0,733.067,796.2866666666666,930.5627,0.8557044905446918,1.9510198920353157
2002,KSGS.373331098033301,19.22,5.858256,37.56096,-98.058,USGS,Southern Kansas,10,2.0,754.155,796.2866666666666,930.5627,0.8557044905446918,1.9510198920353157
2003,KSGS.373331098033301,19.44,5.925312,37.56096,-98.058,USGS,Southern Kansas,10,2.0,798.341,796.2866666666666,930.5627,0.8557044905446918,1.9510198920353157
2004,KSGS.373331098033301,19.24,5.864352,37.56096,-98.058,USGS,Southern Kansas,10,2.0,775.487,796.2866666666666,930.5627,0.8557044905446918,1.9510198920353157
2005,KSGS.373331098033301,19.4,5.91312,37.56096,-98.058,USGS,Southern Kansas,10,2.0,817.014,796.2866666666666,930.5627,0.8557044905446918,1.9510198920353157
2006,KSGS.373331098033301,19.34,5.894832,37.56096,-98.058,USGS,Southern Kansas,10,2.0,779.053,796.2866666666666,930.5627,0.8557044905446918,1.9510198920353157
2007,KSGS.373331098033301,19.57,5.964936,37.56096,-98.058,USGS,Southern Kansas,10,2.0,801.199,796.2866666666666,930.5627,0.8557044905446918,1.9510198920353157
2008,KSGS.373331098033301,18.51,5.641848,37.56096,-98.058,USGS,Southern Kansas,10,2.0,809.301,796.2866666666666,930.5627,0.8557044905446918,1.9510198920353157
2009,KSGS.373331098033301,18.34,5.590032,37.56096,-98.058,USGS,Southern Kansas,10,2.0,750.425,796.2866666666666,930.5627,0.8557044905446918,1.9510198920353157
2010,KSGS.373331098033301,18.71,5.702808,37.56096,-98.058,USGS,Southern Kansas,10,2.0,819.242,796.2866666666666,930.5627,0.8557044905446918,1.9510198920353157
2011,KSGS.373331098033301,19.29,5.879592,37.56096,-98.058,USGS,Southern Kansas,10,2.0,655.792,796.2866666666666,930.5627,0.8557044905446918,1.9510198920353157
2012,KSGS.373331098033301,21.65,6.59892,37.56096,-98.058,USGS,Southern Kansas,10,2.0,781.395,796.2866666666666,930.5627,0.8557044905446918,1.9510198920353157
2013,KSGS.373331098033301,22.8,6.94944,37.56096,-98.058,USGS,Southern Kansas,10,2.0,890.592,796.2866666666666,930.5627,0.8557044905446918,1.9510198920353157
2014,KSGS.373331098033301,22.08,6.729984,37.56096,-98.058,USGS,Southern Kansas,10,2.0,790.367,796.2866666666666,930.5627,0.8557044905446918,1.9510198920353157
2015,KSGS.373331098033301,23.65,7.20852,37.56096,-98.058,USGS,Southern Kansas,10,2.0,848.71,796.2866666666666,930.5627,0.8557044905446918,1.9510198920353157
2016,KSGS.373331098033301,23.14,7.053072,37.56096,-98.058,USGS,Southern Kansas,10,2.0,890.401,796.2866666666666,930.5627,0.8557044905446918,1.9510198920353157
2017,KSGS.373331098033301,22.4,6.82752,37.56096,-98.058,USGS,Southern Kansas,10,2.0,810.42,796.2866666666666,930.5627,0.8557044905446918,1.9510198920353157
2018,KSGS.373331098033301,22.82,6.955536,37.56096,-98.058,USGS,Southern Kansas,10,2.0,808.2,796.2866666666666,930.5627,0.8557044905446918,1.9510198920353157
2019,KSGS.373331098033301,21.65,6.59892,37.56096,-98.058,USGS,Southern Kansas,10,2.0,778.331,796.2866666666666,930.5627,0.8557044905446918,1.9510198920353157
2020,KSGS.373331098033301,21.44,6.534912,37.56096,-98.058,USGS,Southern Kansas,10,2.1,849.173,796.2866666666666,930.5627,0.8557044905446918,1.9510198920353157
2000,KSGS.373607100565301,380.865,116.087652,37.59874,-100.9497,USGS,Southern Kansas,10,2.0,683.591,657.4221428571428,523.9862,1.2546554379878634,1.8702666980996763
2001,KSGS.373607100565301,382.68,116.640864,37.59874,-100.9497,USGS,Southern Kansas,10,2.0,654.678,657.4221428571428,523.9862,1.2546554379878634,1.8702666980996763
2002,KSGS.373607100565301,385.21,117.412008,37.59874,-100.9497,USGS,Southern Kansas,10,2.0,623.743,657.4221428571428,523.9862,1.2546554379878634,1.8702666980996763
2003,KSGS.373607100565301,389.05,118.58244,37.59874,-100.9497,USGS,Southern Kansas,10,2.0,656.711,657.4221428571428,523.9862,1.2546554379878634,1.8702666980996763
2004,KSGS.373607100565301,390.1,118.90248,37.59874,-100.9497,USGS,Southern Kansas,10,2.0,634.957,657.4221428571428,523.9862,1.2546554379878634,1.8702666980996763
2005,KSGS.373607100565301,391.29,119.265192,37.59874,-100.9497,USGS,Southern Kansas,10,2.0,721.762,657.4221428571428,523.9862,1.2546554379878634,1.8702666980996763
2006,KSGS.373607100565301,390.58,119.048784,37.59874,-100.9497,USGS,Southern Kansas,10,2.0,547.205,657.4221428571428,523.9862,1.2546554379878634,1.8702666980996763
2007,KSGS.373607100565301,393.6,119.96928,37.59874,-100.9497,USGS,Southern Kansas,10,2.0,716.989,657.4221428571428,523.9862,1.2546554379878634,1.8702666980996763
2008,KSGS.373607100565301,393.69,119.996712,37.59874,-100.9497,USGS,Southern Kansas,10,2.0,568.051,657.4221428571428,523.9862,1.2546554379878634,1.8702666980996763
2009,KSGS.373607100565301,396.49,120.850152,37.59874,-100.9497,USGS,Southern Kansas,10,2.0,661.579,657.4221428571428,523.9862,1.2546554379878634,1.8702666980996763
2010,KSGS.373607100565301,398.76,121.542048,37.59874,-100.9497,USGS,Southern Kansas,10,2.0,591.999,657.4221428571428,523.9862,1.2546554379878634,1.8702666980996763
2011,KSGS.373607100565301,401.25,122.301,37.59874,-100.9497,USGS,Southern Kansas,10,2.0,468.123,657.4221428571428,523.9862,1.2546554379878634,1.8702666980996763
2012,KSGS.373607100565301,406.43,123.879864,37.59874,-100.9497,USGS,Southern Kansas,10,2.0,585.279,657.4221428571428,523.9862,1.2546554379878634,1.8702666980996763
2013,KSGS.373607100565301,408.64,124.553472,37.59874,-100.9497,USGS,Southern Kansas,10,2.0,593.878,657.4221428571428,523.9862,1.2546554379878634,1.8702666980996763
2014,KSGS.373607100565301,409.71,124.879608,37.59874,-100.9497,USGS,Southern Kansas,10,2.0,648.819,657.4221428571428,523.9862,1.2546554379878634,1.8702666980996763
2015,KSGS.373607100565301,413.2,125.94336,37.59874,-100.9497,USGS,Southern Kansas,10,2.0,760.505,657.4221428571428,523.9862,1.2546554379878634,1.8702666980996763
2016,KSGS.373607100565301,412.59,125.757432,37.59874,-100.9497,USGS,Southern Kansas,10,2.0,751.994,657.4221428571428,523.9862,1.2546554379878634,1.8702666980996763
2017,KSGS.373607100565301,413.23,125.952504,37.59874,-100.9497,USGS,Southern Kansas,10,2.0,666.349,657.4221428571428,523.9862,1.2546554379878634,1.8702666980996763
2018,KSGS.373607100565301,415.94,126.778512,37.59874,-100.9497,USGS,Southern Kansas,10,2.0,743.998,657.4221428571428,523.9862,1.2546554379878634,1.8702666980996763
2019,KSGS.373607100565301,417.43,127.232664,37.59874,-100.9497,USGS,Southern Kansas,10,2.0,760.014,657.4221428571428,523.9862,1.2546554379878634,1.8702666980996763
2020,KSGS.373607100565301,418.91,127.683768,37.59874,-100.9497,USGS,Southern Kansas,10,2.1,765.641,657.4221428571428,523.9862,1.2546554379878634,1.8702666980996763
2000,KSGS.374111099070401,32.2,9.81456,37.68448,-99.11925,USGS,Southern Kansas,10,2.0,802.86,774.0965238095238,737.9137,1.0490339557355055,1.8737194580831402
2001,KSGS.374111099070401,32.14,9.796272,37.68448,-99.11925,USGS,Southern Kansas,10,2.0,740.073,774.0965238095238,737.9137,1.0490339557355055,1.8737194580831402
2002,KSGS.374111099070401,33.53,10.219944,37.68448,-99.11925,USGS,Southern Kansas,10,2.0,761.968,774.0965238095238,737.9137,1.0490339557355055,1.8737194580831402
2003,KSGS.374111099070401,35.78,10.905744,37.68448,-99.11925,USGS,Southern Kansas,10,2.0,728.986,774.0965238095238,737.9137,1.0490339557355055,1.8737194580831402
2004,KSGS.374111099070401,37.57,11.451336,37.68448,-99.11925,USGS,Southern Kansas,10,2.0,729.057,774.0965238095238,737.9137,1.0490339557355055,1.8737194580831402
2005,KSGS.374111099070401,38.78,11.820144,37.68448,-99.11925,USGS,Southern Kansas,10,2.0,759.684,774.0965238095238,737.9137,1.0490339557355055,1.8737194580831402
2006,KSGS.374111099070401,38.9,11.85672,37.68448,-99.11925,USGS,Southern Kansas,10,2.0,774.622,774.0965238095238,737.9137,1.0490339557355055,1.8737194580831402
2007,KSGS.374111099070401,41.525,12.65682,37.68448,-99.11925,USGS,Southern Kansas,10,2.0,828.275,774.0965238095238,737.9137,1.0490339557355055,1.8737194580831402
2008,KSGS.374111099070401,39.93,12.170664,37.68448,-99.11925,USGS,Southern Kansas,10,2.0,703.096,774.0965238095238,737.9137,1.0490339557355055,1.8737194580831402
2009,KSGS.374111099070401,38.57,11.756136,37.68448,-99.11925,USGS,Southern Kansas,10,2.0,745.637,774.0965238095238,737.9137,1.0490339557355055,1.8737194580831402
2010,KSGS.374111099070401,37.81,11.524488,37.68448,-99.11925,USGS,Southern Kansas,10,2.0,820.836,774.0965238095238,737.9137,1.0490339557355055,1.8737194580831402
2011,KSGS.374111099070401,38.55,11.75004,37.68448,-99.11925,USGS,Southern Kansas,10,2.0,749.851,774.0965238095238,737.9137,1.0490339557355055,1.8737194580831402
2012,KSGS.374111099070401,41.22,12.563856,37.68448,-99.11925,USGS,Southern Kansas,10,2.0,782.491,774.0965238095238,737.9137,1.0490339557355055,1.8737194580831402
2013,KSGS.374111099070401,42.61,12.987528,37.68448,-99.11925,USGS,Southern Kansas,10,2.0,797.907,774.0965238095238,737.9137,1.0490339557355055,1.8737194580831402
2014,KSGS.374111099070401,42.88,13.069824,37.68448,-99.11925,USGS,Southern Kansas,10,2.0,788.624,774.0965238095238,737.9137,1.0490339557355055,1.8737194580831402
2015,KSGS.374111099070401,43.57,13.280136,37.68448,-99.11925,USGS,Southern Kansas,10,2.0,757.68,774.0965238095238,737.9137,1.0490339557355055,1.8737194580831402
2016,KSGS.374111099070401,44.1,13.44168,37.68448,-99.11925,USGS,Southern Kansas,10,2.0,833.029,774.0965238095238,737.9137,1.0490339557355055,1.8737194580831402
2017,KSGS.374111099070401,44.46,13.551408,37.68448,-99.11925,USGS,Southern Kansas,10,2.0,749.829,774.0965238095238,737.9137,1.0490339557355055,1.8737194580831402
2018,KSGS.374111099070401,45.0,13.716,37.68448,-99.11925,USGS,Southern Kansas,10,2.0,810.504,774.0965238095238,737.9137,1.0490339557355055,1.8737194580831402
2019,KSGS.374111099070401,43.57,13.280136,37.68448,-99.11925,USGS,Southern Kansas,10,2.0,769.302,774.0965238095238,737.9137,1.0490339557355055,1.8737194580831402
2020,KSGS.374111099070401,42.68,13.008864,37.68448,-99.11925,USGS,Southern Kansas,10,2.1,821.716,774.0965238095238,737.9137,1.0490339557355055,1.8737194580831402
2000,KSGS.374125100344101,152.38,46.445424,37.69024,-100.5795,USGS,Southern Kansas,10,2.0,748.784,717.7522857142858,581.6961,1.2338956344454275,1.9259341764938256
2001,KSGS.374125100344101,157.46,47.993808,37.69024,-100.5795,USGS,Southern Kansas,10,2.0,748.019,717.7522857142858,581.6961,1.2338956344454275,1.9259341764938256
2002,KSGS.374125100344101,161.79,49.313592,37.69024,-100.5795,USGS,Southern Kansas,10,2.0,714.414,717.7522857142858,581.6961,1.2338956344454275,1.9259341764938256
2003,KSGS.374125100344101,168.98,51.505104,37.69024,-100.5795,USGS,Southern Kansas,10,2.0,726.698,717.7522857142858,581.6961,1.2338956344454275,1.9259341764938256
2004,KSGS.374125100344101,174.76,53.266848,37.69024,-100.5795,USGS,Southern Kansas,10,2.0,681.012,717.7522857142858,581.6961,1.2338956344454275,1.9259341764938256
2005,KSGS.374125100344101,180.21,54.928008,37.69024,-100.5795,USGS,Southern Kansas,10,2.0,734.966,717.7522857142858,581.6961,1.2338956344454275,1.9259341764938256
2006,KSGS.374125100344101,186.38,56.808624,37.69024,-100.5795,USGS,Southern Kansas,10,2.0,649.861,717.7522857142858,581.6961,1.2338956344454275,1.9259341764938256
2007,KSGS.374125100344101,193.52,58.984896,37.69024,-100.5795,USGS,Southern Kansas,10,2.0,776.595,717.7522857142858,581.6961,1.2338956344454275,1.9259341764938256
2008,KSGS.374125100344101,199.385,60.772548,37.69024,-100.5795,USGS,Southern Kansas,10,2.0,679.178,717.7522857142858,581.6961,1.2338956344454275,1.9259341764938256
2009,KSGS.374125100344101,205.82,62.733936,37.69024,-100.5795,USGS,Southern Kansas,10,2.0,713.571,717.7522857142858,581.6961,1.2338956344454275,1.9259341764938256
2010,KSGS.374125100344101,212.69,64.827912,37.69024,-100.5795,USGS,Southern Kansas,10,2.0,686.099,717.7522857142858,581.6961,1.2338956344454275,1.9259341764938256
2011,KSGS.374125100344101,222.47,67.808856,37.69024,-100.5795,USGS,Southern Kansas,10,2.0,553.282,717.7522857142858,581.6961,1.2338956344454275,1.9259341764938256
2012,KSGS.374125100344101,233.015,71.022972,37.69024,-100.5795,USGS,Southern Kansas,10,2.0,644.8,717.7522857142858,581.6961,1.2338956344454275,1.9259341764938256
2013,KSGS.374125100344101,238.025,72.55002,37.69024,-100.5795,USGS,Southern Kansas,10,2.0,647.243,717.7522857142858,581.6961,1.2338956344454275,1.9259341764938256
2014,KSGS.374125100344101,241.99,73.758552,37.69024,-100.5795,USGS,Southern Kansas,10,2.0,737.355,717.7522857142858,581.6961,1.2338956344454275,1.9259341764938256
2015,KSGS.374125100344101,245.54,74.840592,37.69024,-100.5795,USGS,Southern Kansas,10,2.0,769.117,717.7522857142858,581.6961,1.2338956344454275,1.9259341764938256
2016,KSGS.374125100344101,245.945,74.964036,37.69024,-100.5795,USGS,Southern Kansas,10,2.0,815.01,717.7522857142858,581.6961,1.2338956344454275,1.9259341764938256
2017,KSGS.374125100344101,247.865,75.549252,37.69024,-100.5795,USGS,Southern Kansas,10,2.0,730.06,717.7522857142858,581.6961,1.2338956344454275,1.9259341764938256
2018,KSGS.374125100344101,248.83,75.843384,37.69024,-100.5795,USGS,Southern Kansas,10,2.0,767.946,717.7522857142858,581.6961,1.2338956344454275,1.9259341764938256
2019,KSGS.374125100344101,251.02,76.510896,37.69024,-100.5795,USGS,Southern Kansas,10,2.0,746.616,717.7522857142858,581.6961,1.2338956344454275,1.9259341764938256
2020,KSGS.374125100344101,251.09,76.532232,37.69024,-100.5795,USGS,Southern Kansas,10,2.1,802.172,717.7522857142858,581.6961,1.2338956344454275,1.9259341764938256
2000,KSGS.374747100552101,158.37,48.271176,37.79492,-100.9225,USGS,Southern Kansas,10,2.0,849.365,823.2621428571429,526.7621,1.562872815567568,1.8430612410790042
2001,KSGS.374747100552101,163.64,49.877472,37.79492,-100.9225,USGS,Southern Kansas,10,2.0,834.834,823.2621428571429,526.7621,1.562872815567568,1.8430612410790042
2002,KSGS.374747100552101,168.24,51.279552,37.79492,-100.9225,USGS,Southern Kansas,10,2.0,809.604,823.2621428571429,526.7621,1.562872815567568,1.8430612410790042
2003,KSGS.374747100552101,176.19,53.702712,37.79492,-100.9225,USGS,Southern Kansas,10,2.0,831.98,823.2621428571429,526.7621,1.562872815567568,1.8430612410790042
2004,KSGS.374747100552101,182.89,55.744872,37.79492,-100.9225,USGS,Southern Kansas,10,2.0,789.526,823.2621428571429,526.7621,1.562872815567568,1.8430612410790042
2005,KSGS.374747100552101,187.98,57.296304,37.79492,-100.9225,USGS,Southern Kansas,10,2.0,871.556,823.2621428571429,526.7621,1.562872815567568,1.8430612410790042
2006,KSGS.374747100552101,193.2,58.88736,37.79492,-100.9225,USGS,Southern Kansas,10,2.0,766.025,823.2621428571429,526.7621,1.562872815567568,1.8430612410790042
2007,KSGS.374747100552101,199.8,60.89904,37.79492,-100.9225,USGS,Southern Kansas,10,2.0,842.933,823.2621428571429,526.7621,1.562872815567568,1.8430612410790042
2008,KSGS.374747100552101,204.7,62.39256,37.79492,-100.9225,USGS,Southern Kansas,10,2.0,780.609,823.2621428571429,526.7621,1.562872815567568,1.8430612410790042
2009,KSGS.374747100552101,211.2,64.37376,37.79492,-100.9225,USGS,Southern Kansas,10,2.0,779.63,823.2621428571429,526.7621,1.562872815567568,1.8430612410790042
2010,KSGS.374747100552101,217.55,66.30924,37.79492,-100.9225,USGS,Southern Kansas,10,2.0,768.685,823.2621428571429,526.7621,1.562872815567568,1.8430612410790042
2011,KSGS.374747100552101,224.2,68.33616,37.79492,-100.9225,USGS,Southern Kansas,10,2.0,727.794,823.2621428571429,526.7621,1.562872815567568,1.8430612410790042
2012,KSGS.374747100552101,232.6,70.89648,37.79492,-100.9225,USGS,Southern Kansas,10,2.0,788.979,823.2621428571429,526.7621,1.562872815567568,1.8430612410790042
2013,KSGS.374747100552101,239.5,72.9996,37.79492,-100.9225,USGS,Southern Kansas,10,2.0,770.728,823.2621428571429,526.7621,1.562872815567568,1.8430612410790042
2014,KSGS.374747100552101,245.5,74.8284,37.79492,-100.9225,USGS,Southern Kansas,10,2.0,867.963,823.2621428571429,526.7621,1.562872815567568,1.8430612410790042
2015,KSGS.374747100552101,252.3,76.90104,37.79492,-100.9225,USGS,Southern Kansas,10,2.0,882.942,823.2621428571429,526.7621,1.562872815567568,1.8430612410790042
2016,KSGS.374747100552101,255.38,77.839824,37.79492,-100.9225,USGS,Southern Kansas,10,2.0,888.72,823.2621428571429,526.7621,1.562872815567568,1.8430612410790042
2017,KSGS.374747100552101,258.52,78.796896,37.79492,-100.9225,USGS,Southern Kansas,10,2.0,806.284,823.2621428571429,526.7621,1.562872815567568,1.8430612410790042
2018,KSGS.374747100552101,260.31,79.342488,37.79492,-100.9225,USGS,Southern Kansas,10,2.0,861.617,823.2621428571429,526.7621,1.562872815567568,1.8430612410790042
2019,KSGS.374747100552101,264.1,80.49768,37.79492,-100.9225,USGS,Southern Kansas,10,2.0,829.213,823.2621428571429,526.7621,1.562872815567568,1.8430612410790042
2020,KSGS.374747100552101,304.51,92.814648,37.79492,-100.9225,USGS,Southern Kansas,10,2.1,939.518,823.2621428571429,526.7621,1.562872815567568,1.8430612410790042
2000,KSGS.375145100485701,126.71,38.621208,37.86209,-100.8179,USGS,Southern Kansas,10,2.0,721.169,739.5477142857143,534.08856,1.384691167135475,1.864946166601575
2001,KSGS.375145100485701,129.05,39.33444,37.86209,-100.8179,USGS,Southern Kansas,10,2.0,714.848,739.5477142857143,534.08856,1.384691167135475,1.864946166601575
2002,KSGS.375145100485701,131.62,40.117776,37.86209,-100.8179,USGS,Southern Kansas,10,2.0,707.24,739.5477142857143,534.08856,1.384691167135475,1.864946166601575
2003,KSGS.375145100485701,135.64,41.343072,37.86209,-100.8179,USGS,Southern Kansas,10,2.0,713.477,739.5477142857143,534.08856,1.384691167135475,1.864946166601575
2004,KSGS.375145100485701,139.16,42.415968,37.86209,-100.8179,USGS,Southern Kansas,10,2.0,722.06,739.5477142857143,534.08856,1.384691167135475,1.864946166601575
2005,KSGS.375145100485701,140.8,42.91584,37.86209,-100.8179,USGS,Southern Kansas,10,2.0,787.34,739.5477142857143,534.08856,1.384691167135475,1.864946166601575
2006,KSGS.375145100485701,144.18,43.946064,37.86209,-100.8179,USGS,Southern Kansas,10,2.0,684.541,739.5477142857143,534.08856,1.384691167135475,1.864946166601575
2007,KSGS.375145100485701,146.5,44.6532,37.86209,-100.8179,USGS,Southern Kansas,10,2.0,719.502,739.5477142857143,534.08856,1.384691167135475,1.864946166601575
2008,KSGS.375145100485701,149.65,45.61332,37.86209,-100.8179,USGS,Southern Kansas,10,2.0,707.208,739.5477142857143,534.08856,1.384691167135475,1.864946166601575
2009,KSGS.375145100485701,154.0,46.9392,37.86209,-100.8179,USGS,Southern Kansas,10,2.0,704.102,739.5477142857143,534.08856,1.384691167135475,1.864946166601575
2010,KSGS.375145100485701,160.0,48.768,37.86209,-100.8179,USGS,Southern Kansas,10,2.0,691.698,739.5477142857143,534.08856,1.384691167135475,1.864946166601575
2011,KSGS.375145100485701,167.85,51.16068,37.86209,-100.8179,USGS,Southern Kansas,10,2.0,685.282,739.5477142857143,534.08856,1.384691167135475,1.864946166601575
2012,KSGS.375145100485701,172.7,52.63896,37.86209,-100.8179,USGS,Southern Kansas,10,2.0,703.717,739.5477142857143,534.08856,1.384691167135475,1.864946166601575
2013,KSGS.375145100485701,175.0,53.34,37.86209,-100.8179,USGS,Southern Kansas,10,2.0,663.263,739.5477142857143,534.08856,1.384691167135475,1.864946166601575
2014,KSGS.375145100485701,180.3,54.95544,37.86209,-100.8179,USGS,Southern Kansas,10,2.0,809.324,739.5477142857143,534.08856,1.384691167135475,1.864946166601575
2015,KSGS.375145100485701,186.0,56.6928,37.86209,-100.8179,USGS,Southern Kansas,10,2.0,822.657,739.5477142857143,534.08856,1.384691167135475,1.864946166601575
2016,KSGS.375145100485701,189.32,57.704736,37.86209,-100.8179,USGS,Southern Kansas,10,2.0,827.738,739.5477142857143,534.08856,1.384691167135475,1.864946166601575
2017,KSGS.375145100485701,192.12,58.558176,37.86209,-100.8179,USGS,Southern Kansas,10,2.0,726.61,739.5477142857143,534.08856,1.384691167135475,1.864946166601575
2018,KSGS.375145100485701,195.0,59.436,37.86209,-100.8179,USGS,Southern Kansas,10,2.0,822.498,739.5477142857143,534.08856,1.384691167135475,1.864946166601575
2019,KSGS.375145100485701,197.63,60.237624,37.86209,-100.8179,USGS,Southern Kansas,10,2.0,752.869,739.5477142857143,534.08856,1.384691167135475,1.864946166601575
2020,KSGS.375145100485701,200.62,61.148976,37.86209,-100.8179,USGS,Southern Kansas,10,2.1,843.359,739.5477142857143,534.08856,1.384691167135475,1.864946166601575
2000,KSGS.375454101075401,123.72,37.709856,37.91572,-101.1306,USGS,Southern Kansas,10,2.0,844.351,872.3784761904762,531.14545,1.6424474340945965,1.9291372855260467
2001,KSGS.375454101075401,129.2,39.38016,37.91572,-101.1306,USGS,Southern Kansas,10,2.0,891.717,872.3784761904762,531.14545,1.6424474340945965,1.9291372855260467
2002,KSGS.375454101075401,133.16,40.587168,37.91572,-101.1306,USGS,Southern Kansas,10,2.0,826.796,872.3784761904762,531.14545,1.6424474340945965,1.9291372855260467
2003,KSGS.375454101075401,139.622,42.5567856,37.91572,-101.1306,USGS,Southern Kansas,10,2.0,885.972,872.3784761904762,531.14545,1.6424474340945965,1.9291372855260467
2004,KSGS.375454101075401,147.6633333,45.00778399,37.91572,-101.1306,USGS,Southern Kansas,10,2.0,851.521,872.3784761904762,531.14545,1.6424474340945965,1.9291372855260467
2005,KSGS.375454101075401,150.8875,45.99051,37.91572,-101.1306,USGS,Southern Kansas,10,2.0,925.816,872.3784761904762,531.14545,1.6424474340945965,1.9291372855260467
2006,KSGS.375454101075401,154.33,47.039784,37.91572,-101.1306,USGS,Southern Kansas,10,2.0,840.704,872.3784761904762,531.14545,1.6424474340945965,1.9291372855260467
2007,KSGS.375454101075401,158.59,48.338232,37.91572,-101.1306,USGS,Southern Kansas,10,2.0,868.111,872.3784761904762,531.14545,1.6424474340945965,1.9291372855260467
2008,KSGS.375454101075401,162.9333333,49.66207999,37.91572,-101.1306,USGS,Southern Kansas,10,2.0,789.486,872.3784761904762,531.14545,1.6424474340945965,1.9291372855260467
2009,KSGS.375454101075401,170.7025,52.030122,37.91572,-101.1306,USGS,Southern Kansas,10,2.0,796.478,872.3784761904762,531.14545,1.6424474340945965,1.9291372855260467
2010,KSGS.375454101075401,174.1933333,53.09412799,37.91572,-101.1306,USGS,Southern Kansas,10,2.0,830.015,872.3784761904762,531.14545,1.6424474340945965,1.9291372855260467
2011,KSGS.375454101075401,177.93,54.233064,37.91572,-101.1306,USGS,Southern Kansas,10,2.0,844.791,872.3784761904762,531.14545,1.6424474340945965,1.9291372855260467
2012,KSGS.375454101075401,185.385,56.505348,37.91572,-101.1306,USGS,Southern Kansas,10,2.0,823.764,872.3784761904762,531.14545,1.6424474340945965,1.9291372855260467
2013,KSGS.375454101075401,191.3866667,58.33465601,37.91572,-101.1306,USGS,Southern Kansas,10,2.0,895.204,872.3784761904762,531.14545,1.6424474340945965,1.9291372855260467
2014,KSGS.375454101075401,197.0333333,60.05575999,37.91572,-101.1306,USGS,Southern Kansas,10,2.0,940.952,872.3784761904762,531.14545,1.6424474340945965,1.9291372855260467
2015,KSGS.375454101075401,203.5133333,62.03086399,37.91572,-101.1306,USGS,Southern Kansas,10,2.0,910.817,872.3784761904762,531.14545,1.6424474340945965,1.9291372855260467
2016,KSGS.375454101075401,210.285,64.094868,37.91572,-101.1306,USGS,Southern Kansas,10,2.0,946.841,872.3784761904762,531.14545,1.6424474340945965,1.9291372855260467
2017,KSGS.375454101075401,215.3366667,65.63461601,37.91572,-101.1306,USGS,Southern Kansas,10,2.0,880.19,872.3784761904762,531.14545,1.6424474340945965,1.9291372855260467
2018,KSGS.375454101075401,216.5025,65.989962,37.91572,-101.1306,USGS,Southern Kansas,10,2.0,918.631,872.3784761904762,531.14545,1.6424474340945965,1.9291372855260467
2019,KSGS.375454101075401,216.6733333,66.04203199,37.91572,-101.1306,USGS,Southern Kansas,10,2.0,845.481,872.3784761904762,531.14545,1.6424474340945965,1.9291372855260467
2020,KSGS.375454101075401,218.645,66.642996,37.91572,-101.1306,USGS,Southern Kansas,10,2.1,962.31,872.3784761904762,531.14545,1.6424474340945965,1.9291372855260467
2000,TWDB.0753701,247.89,75.556872,35.16,-102.4886,USGS,Western Texas,10,2.0,509.107,614.2919523809524,506.7046,1.2123275863168683,1.8291047269487717
2001,TWDB.0753701,248.03,75.599544,35.16,-102.4886,USGS,Western Texas,10,2.0,665.71,614.2919523809524,506.7046,1.2123275863168683,1.8291047269487717
2002,TWDB.0753701,247.24,75.358752,35.16,-102.4886,USGS,Western Texas,10,2.0,452.914,614.2919523809524,506.7046,1.2123275863168683,1.8291047269487717
2003,TWDB.0753701,247.94,75.572112,35.16,-102.4886,USGS,Western Texas,10,2.0,591.931,614.2919523809524,506.7046,1.2123275863168683,1.8291047269487717
2004,TWDB.0753701,247.58,75.462384,35.16,-102.4886,USGS,Western Texas,10,2.0,640.376,614.2919523809524,506.7046,1.2123275863168683,1.8291047269487717
2005,TWDB.0753701,247.85,75.54468,35.16,-102.4886,USGS,Western Texas,10,2.0,766.342,614.2919523809524,506.7046,1.2123275863168683,1.8291047269487717
2006,TWDB.0753701,248.41,75.715368,35.16,-102.4886,USGS,Western Texas,10,2.0,532.108,614.2919523809524,506.7046,1.2123275863168683,1.8291047269487717
2007,TWDB.0753701,248.77,75.825096,35.16,-102.4886,USGS,Western Texas,10,2.0,686.925,614.2919523809524,506.7046,1.2123275863168683,1.8291047269487717
2008,TWDB.0753701,249.19,75.953112,35.16,-102.4886,USGS,Western Texas,10,2.0,527.677,614.2919523809524,506.7046,1.2123275863168683,1.8291047269487717
2009,TWDB.0753701,249.37,76.007976,35.16,-102.4886,USGS,Western Texas,10,2.0,704.516,614.2919523809524,506.7046,1.2123275863168683,1.8291047269487717
2010,TWDB.0753701,249.95,76.18476,35.16,-102.4886,USGS,Western Texas,10,2.0,593.784,614.2919523809524,506.7046,1.2123275863168683,1.8291047269487717
2011,TWDB.0753701,250.26,76.279248,35.16,-102.4886,USGS,Western Texas,10,2.0,445.665,614.2919523809524,506.7046,1.2123275863168683,1.8291047269487717
2012,TWDB.0753701,250.65,76.39812,35.16,-102.4886,USGS,Western Texas,10,2.0,536.145,614.2919523809524,506.7046,1.2123275863168683,1.8291047269487717
2013,TWDB.0753701,251.18,76.559664,35.16,-102.4886,USGS,Western Texas,10,2.0,544.842,614.2919523809524,506.7046,1.2123275863168683,1.8291047269487717
2014,TWDB.0753701,251.47,76.648056,35.16,-102.4886,USGS,Western Texas,10,2.0,547.376,614.2919523809524,506.7046,1.2123275863168683,1.8291047269487717
2015,TWDB.0753701,254.23,77.489304,35.16,-102.4886,USGS,Western Texas,10,2.0,751.964,614.2919523809524,506.7046,1.2123275863168683,1.8291047269487717
2016,TWDB.0753701,254.07,77.440536,35.16,-102.4886,USGS,Western Texas,10,2.0,741.262,614.2919523809524,506.7046,1.2123275863168683,1.8291047269487717
2017,TWDB.0753701,255.24,77.797152,35.16,-102.4886,USGS,Western Texas,10,2.0,749.368,614.2919523809524,506.7046,1.2123275863168683,1.8291047269487717
2018,TWDB.0753701,256.76,78.260448,35.16,-102.4886,USGS,Western Texas,10,2.0,586.656,614.2919523809524,506.7046,1.2123275863168683,1.8291047269487717
2019,TWDB.0753701,257.66,78.534768,35.16,-102.4886,USGS,Western Texas,10,2.0,698.394,614.2919523809524,506.7046,1.2123275863168683,1.8291047269487717
2020,TWDB.0753701,258.67,78.842616,35.16,-102.4886,USGS,Western Texas,10,2.1,627.069,614.2919523809524,506.7046,1.2123275863168683,1.8291047269487717
2000,TWDB.1005225,274.57,83.688936,34.97,-102.4381,USGS,Western Texas,10,2.0,683.518,744.2054285714286,529.9773,1.4042213425032355,1.7765538023767495
2001,TWDB.1005225,275.16,83.868768,34.97,-102.4381,USGS,Western Texas,10,2.0,760.483,744.2054285714286,529.9773,1.4042213425032355,1.7765538023767495
2002,TWDB.1005225,275.39,83.938872,34.97,-102.4381,USGS,Western Texas,10,2.0,561.192,744.2054285714286,529.9773,1.4042213425032355,1.7765538023767495
2003,TWDB.1005225,276.41,84.249768,34.97,-102.4381,USGS,Western Texas,10,2.0,651.582,744.2054285714286,529.9773,1.4042213425032355,1.7765538023767495
2004,TWDB.1005225,280.5,85.4964,34.97,-102.4381,USGS,Western Texas,10,2.0,746.772,744.2054285714286,529.9773,1.4042213425032355,1.7765538023767495
2005,TWDB.1005225,278.01,84.737448,34.97,-102.4381,USGS,Western Texas,10,2.0,855.181,744.2054285714286,529.9773,1.4042213425032355,1.7765538023767495
2006,TWDB.1005225,278.69,84.944712,34.97,-102.4381,USGS,Western Texas,10,2.0,627.591,744.2054285714286,529.9773,1.4042213425032355,1.7765538023767495
2007,TWDB.1005225,279.34,85.142832,34.97,-102.4381,USGS,Western Texas,10,2.0,810.516,744.2054285714286,529.9773,1.4042213425032355,1.7765538023767495
2008,TWDB.1005225,280.15,85.38972,34.97,-102.4381,USGS,Western Texas,10,2.0,688.124,744.2054285714286,529.9773,1.4042213425032355,1.7765538023767495
2009,TWDB.1005225,284.98,86.861904,34.97,-102.4381,USGS,Western Texas,10,2.0,856.11,744.2054285714286,529.9773,1.4042213425032355,1.7765538023767495
2010,TWDB.1005225,285.86,87.130128,34.97,-102.4381,USGS,Western Texas,10,2.0,741.568,744.2054285714286,529.9773,1.4042213425032355,1.7765538023767495
2011,TWDB.1005225,288.19,87.840312,34.97,-102.4381,USGS,Western Texas,10,2.0,548.238,744.2054285714286,529.9773,1.4042213425032355,1.7765538023767495
2012,TWDB.1005225,288.42,87.910416,34.97,-102.4381,USGS,Western Texas,10,2.0,602.012,744.2054285714286,529.9773,1.4042213425032355,1.7765538023767495
2013,TWDB.1005225,293.05,89.32164,34.97,-102.4381,USGS,Western Texas,10,2.0,716.94,744.2054285714286,529.9773,1.4042213425032355,1.7765538023767495
2014,TWDB.1005225,294.42,89.739216,34.97,-102.4381,USGS,Western Texas,10,2.0,773.017,744.2054285714286,529.9773,1.4042213425032355,1.7765538023767495
2015,TWDB.1005225,295.25,89.9922,34.97,-102.4381,USGS,Western Texas,10,2.0,833.061,744.2054285714286,529.9773,1.4042213425032355,1.7765538023767495
2016,TWDB.1005225,293.97,89.602056,34.97,-102.4381,USGS,Western Texas,10,2.0,801.536,744.2054285714286,529.9773,1.4042213425032355,1.7765538023767495
2017,TWDB.1005225,296.55,90.38844,34.97,-102.4381,USGS,Western Texas,10,2.0,876.243,744.2054285714286,529.9773,1.4042213425032355,1.7765538023767495
2018,TWDB.1005225,295.88,90.184224,34.97,-102.4381,USGS,Western Texas,10,2.0,725.456,744.2054285714286,529.9773,1.4042213425032355,1.7765538023767495
2019,TWDB.1005225,298.49,90.979752,34.97,-102.4381,USGS,Western Texas,10,2.0,950.579,744.2054285714286,529.9773,1.4042213425032355,1.7765538023767495
2020,TWDB.1005225,298.78,91.068144,34.97,-102.4381,USGS,Western Texas,10,2.1,818.595,744.2054285714286,529.9773,1.4042213425032355,1.7765538023767495
2000,TWDB.1038101,268.55,81.85404,34.46,-102.3522,USGS,Western Texas,10,2.0,887.531,865.3341428571429,574.56165,1.5060771104766977,1.8309087407574143
2001,TWDB.1038101,273.98,83.509104,34.46,-102.3522,USGS,Western Texas,10,2.0,839.335,865.3341428571429,574.56165,1.5060771104766977,1.8309087407574143
2002,TWDB.1038101,276.25,84.201,34.46,-102.3522,USGS,Western Texas,10,2.0,807.413,865.3341428571429,574.56165,1.5060771104766977,1.8309087407574143
2003,TWDB.1038101,282.29,86.041992,34.46,-102.3522,USGS,Western Texas,10,2.0,859.56,865.3341428571429,574.56165,1.5060771104766977,1.8309087407574143
2004,TWDB.1038101,286.08,87.197184,34.46,-102.3522,USGS,Western Texas,10,2.0,885.601,865.3341428571429,574.56165,1.5060771104766977,1.8309087407574143
2005,TWDB.1038101,287.66,87.678768,34.46,-102.3522,USGS,Western Texas,10,2.0,934.817,865.3341428571429,574.56165,1.5060771104766977,1.8309087407574143
2006,TWDB.1038101,289.05,88.10244,34.46,-102.3522,USGS,Western Texas,10,2.0,828.702,865.3341428571429,574.56165,1.5060771104766977,1.8309087407574143
2007,TWDB.1038101,291.69,88.907112,34.46,-102.3522,USGS,Western Texas,10,2.0,884.662,865.3341428571429,574.56165,1.5060771104766977,1.8309087407574143
2008,TWDB.1038101,297.85,90.78468,34.46,-102.3522,USGS,Western Texas,10,2.0,829.905,865.3341428571429,574.56165,1.5060771104766977,1.8309087407574143
2009,TWDB.1038101,303.89,92.625672,34.46,-102.3522,USGS,Western Texas,10,2.0,921.156,865.3341428571429,574.56165,1.5060771104766977,1.8309087407574143
2010,TWDB.1038101,305.65,93.16212,34.46,-102.3522,USGS,Western Texas,10,2.0,854.305,865.3341428571429,574.56165,1.5060771104766977,1.8309087407574143
2011,TWDB.1038101,310.52,94.646496,34.46,-102.3522,USGS,Western Texas,10,2.0,749.801,865.3341428571429,574.56165,1.5060771104766977,1.8309087407574143
2012,TWDB.1038101,316.66,96.517968,34.46,-102.3522,USGS,Western Texas,10,2.0,812.778,865.3341428571429,574.56165,1.5060771104766977,1.8309087407574143
2013,TWDB.1038101,322.6,98.32848,34.46,-102.3522,USGS,Western Texas,10,2.0,779.971,865.3341428571429,574.56165,1.5060771104766977,1.8309087407574143
2014,TWDB.1038101,328.88,100.242624,34.46,-102.3522,USGS,Western Texas,10,2.0,826.541,865.3341428571429,574.56165,1.5060771104766977,1.8309087407574143
2015,TWDB.1038101,333.78,101.736144,34.46,-102.3522,USGS,Western Texas,10,2.0,919.658,865.3341428571429,574.56165,1.5060771104766977,1.8309087407574143
2016,TWDB.1038101,333.41,101.623368,34.46,-102.3522,USGS,Western Texas,10,2.0,891.147,865.3341428571429,574.56165,1.5060771104766977,1.8309087407574143
2017,TWDB.1038101,337.47,102.860856,34.46,-102.3522,USGS,Western Texas,10,2.0,953.248,865.3341428571429,574.56165,1.5060771104766977,1.8309087407574143
2018,TWDB.1038101,341.71,104.153208,34.46,-102.3522,USGS,Western Texas,10,2.0,894.28,865.3341428571429,574.56165,1.5060771104766977,1.8309087407574143
2019,TWDB.1038101,344.42,104.979216,34.46,-102.3522,USGS,Western Texas,10,2.0,909.01,865.3341428571429,574.56165,1.5060771104766977,1.8309087407574143
2020,TWDB.1038101,345.12,105.192576,34.46,-102.3522,USGS,Western Texas,10,2.1,902.596,865.3341428571429,574.56165,1.5060771104766977,1.8309087407574143
2000,TWDB.1039702,239.93,73.130664,34.38,-102.2336,USGS,Western Texas,10,2.0,882.224,892.1386666666667,527.16675,1.6923272758989325,1.8901493579265183
2001,TWDB.1039702,246.93,75.264264,34.38,-102.2336,USGS,Western Texas,10,2.0,832.052,892.1386666666667,527.16675,1.6923272758989325,1.8901493579265183
2002,TWDB.1039702,249.2,75.95616,34.38,-102.2336,USGS,Western Texas,10,2.0,790.499,892.1386666666667,527.16675,1.6923272758989325,1.8901493579265183
2003,TWDB.1039702,255.1,77.75448,34.38,-102.2336,USGS,Western Texas,10,2.0,822.067,892.1386666666667,527.16675,1.6923272758989325,1.8901493579265183
2004,TWDB.1039702,263.21,80.226408,34.38,-102.2336,USGS,Western Texas,10,2.0,887.557,892.1386666666667,527.16675,1.6923272758989325,1.8901493579265183
2005,TWDB.1039702,261.65,79.75092,34.38,-102.2336,USGS,Western Texas,10,2.0,923.364,892.1386666666667,527.16675,1.6923272758989325,1.8901493579265183
2006,TWDB.1039702,265.62,80.960976,34.38,-102.2336,USGS,Western Texas,10,2.0,864.351,892.1386666666667,527.16675,1.6923272758989325,1.8901493579265183
2007,TWDB.1039702,269.4,82.11312,34.38,-102.2336,USGS,Western Texas,10,2.0,890.841,892.1386666666667,527.16675,1.6923272758989325,1.8901493579265183
2008,TWDB.1039702,273.23,83.280504,34.38,-102.2336,USGS,Western Texas,10,2.0,851.391,892.1386666666667,527.16675,1.6923272758989325,1.8901493579265183
2009,TWDB.1039702,280.35,85.45068,34.38,-102.2336,USGS,Western Texas,10,2.0,969.389,892.1386666666667,527.16675,1.6923272758989325,1.8901493579265183
2010,TWDB.1039702,284.33,86.663784,34.38,-102.2336,USGS,Western Texas,10,2.0,854.107,892.1386666666667,527.16675,1.6923272758989325,1.8901493579265183
2011,TWDB.1039702,286.87,87.437976,34.38,-102.2336,USGS,Western Texas,10,2.0,839.211,892.1386666666667,527.16675,1.6923272758989325,1.8901493579265183
2012,TWDB.1039702,295.53,90.077544,34.38,-102.2336,USGS,Western Texas,10,2.0,895.197,892.1386666666667,527.16675,1.6923272758989325,1.8901493579265183
2013,TWDB.1039702,302.52,92.208096,34.38,-102.2336,USGS,Western Texas,10,2.0,881.702,892.1386666666667,527.16675,1.6923272758989325,1.8901493579265183
2014,TWDB.1039702,306.71,93.485208,34.38,-102.2336,USGS,Western Texas,10,2.0,867.319,892.1386666666667,527.16675,1.6923272758989325,1.8901493579265183
2015,TWDB.1039702,311.3,94.88424,34.38,-102.2336,USGS,Western Texas,10,2.0,953.949,892.1386666666667,527.16675,1.6923272758989325,1.8901493579265183
2016,TWDB.1039702,315.09,96.039432,34.38,-102.2336,USGS,Western Texas,10,2.0,938.414,892.1386666666667,527.16675,1.6923272758989325,1.8901493579265183
2017,TWDB.1039702,321.05,97.85604,34.38,-102.2336,USGS,Western Texas,10,2.0,976.604,892.1386666666667,527.16675,1.6923272758989325,1.8901493579265183
2018,TWDB.1039702,323.12,98.486976,34.38,-102.2336,USGS,Western Texas,10,2.0,972.956,892.1386666666667,527.16675,1.6923272758989325,1.8901493579265183
2019,TWDB.1039702,328.78,100.212144,34.38,-102.2336,USGS,Western Texas,10,2.0,958.037,892.1386666666667,527.16675,1.6923272758989325,1.8901493579265183
2020,TWDB.1039702,337.1,102.74808,34.38,-102.2336,USGS,Western Texas,10,2.1,883.681,892.1386666666667,527.16675,1.6923272758989325,1.8901493579265183
2000,TWDB.1157901,220.07,67.077336,34.03,-101.9056,USGS,Western Texas,10,2.0,699.347,747.9791904761905,515.0428,1.452266124920398,1.9705322896319324
2001,TWDB.1157901,224.47,68.418456,34.03,-101.9056,USGS,Western Texas,10,2.0,752.944,747.9791904761905,515.0428,1.452266124920398,1.9705322896319324
2002,TWDB.1157901,226.27,68.967096,34.03,-101.9056,USGS,Western Texas,10,2.0,705.496,747.9791904761905,515.0428,1.452266124920398,1.9705322896319324
2003,TWDB.1157901,235.75,71.8566,34.03,-101.9056,USGS,Western Texas,10,2.0,629.476,747.9791904761905,515.0428,1.452266124920398,1.9705322896319324
2004,TWDB.1157901,237.41,72.362568,34.03,-101.9056,USGS,Western Texas,10,2.0,827.141,747.9791904761905,515.0428,1.452266124920398,1.9705322896319324
2005,TWDB.1157901,233.66,71.219568,34.03,-101.9056,USGS,Western Texas,10,2.0,807.897,747.9791904761905,515.0428,1.452266124920398,1.9705322896319324
2006,TWDB.1157901,237.57,72.411336,34.03,-101.9056,USGS,Western Texas,10,2.0,744.111,747.9791904761905,515.0428,1.452266124920398,1.9705322896319324
2007,TWDB.1157901,238.65,72.74052,34.03,-101.9056,USGS,Western Texas,10,2.0,846.836,747.9791904761905,515.0428,1.452266124920398,1.9705322896319324
2008,TWDB.1157901,238.51,72.697848,34.03,-101.9056,USGS,Western Texas,10,2.0,741.796,747.9791904761905,515.0428,1.452266124920398,1.9705322896319324
2009,TWDB.1157901,243.26,74.145648,34.03,-101.9056,USGS,Western Texas,10,2.0,788.745,747.9791904761905,515.0428,1.452266124920398,1.9705322896319324
2010,TWDB.1157901,244.01,74.374248,34.03,-101.9056,USGS,Western Texas,10,2.0,810.089,747.9791904761905,515.0428,1.452266124920398,1.9705322896319324
2011,TWDB.1157901,246.18,75.035664,34.03,-101.9056,USGS,Western Texas,10,2.0,575.343,747.9791904761905,515.0428,1.452266124920398,1.9705322896319324
2012,TWDB.1157901,251.72,76.724256,34.03,-101.9056,USGS,Western Texas,10,2.0,660.705,747.9791904761905,515.0428,1.452266124920398,1.9705322896319324
2013,TWDB.1157901,256.18,78.083664,34.03,-101.9056,USGS,Western Texas,10,2.0,759.62,747.9791904761905,515.0428,1.452266124920398,1.9705322896319324
2014,TWDB.1157901,257.13,78.373224,34.03,-101.9056,USGS,Western Texas,10,2.0,737.026,747.9791904761905,515.0428,1.452266124920398,1.9705322896319324
2015,TWDB.1157901,258.46,78.778608,34.03,-101.9056,USGS,Western Texas,10,2.0,819.908,747.9791904761905,515.0428,1.452266124920398,1.9705322896319324
2016,TWDB.1157901,259.6,79.12608,34.03,-101.9056,USGS,Western Texas,10,2.0,810.302,747.9791904761905,515.0428,1.452266124920398,1.9705322896319324
2017,TWDB.1157901,260.33,79.348584,34.03,-101.9056,USGS,Western Texas,10,2.0,799.952,747.9791904761905,515.0428,1.452266124920398,1.9705322896319324
2018,TWDB.1157901,259.84,79.199232,34.03,-101.9056,USGS,Western Texas,10,2.0,687.769,747.9791904761905,515.0428,1.452266124920398,1.9705322896319324
2019,TWDB.1157901,261.16,79.601568,34.03,-101.9056,USGS,Western Texas,10,2.0,801.689,747.9791904761905,515.0428,1.452266124920398,1.9705322896319324
2020,TWDB.1157901,261.79,79.793592,34.03,-101.9056,USGS,Western Texas,10,2.1,701.371,747.9791904761905,515.0428,1.452266124920398,1.9705322896319324
2000,TWDB.2409103,165.34,50.395632,33.8575,-102.9786,USGS,Western Texas,10,2.0,468.168,519.9778571428571,482.62817,1.0773881122987097,1.8514864341145987
2001,TWDB.2409103,169.07,51.532536,33.8575,-102.9786,USGS,Western Texas,10,2.0,544.341,519.9778571428571,482.62817,1.0773881122987097,1.8514864341145987
2002,TWDB.2409103,169.23,51.581304,33.8575,-102.9786,USGS,Western Texas,10,2.0,481.084,519.9778571428571,482.62817,1.0773881122987097,1.8514864341145987
2003,TWDB.2409103,169.6,51.69408,33.8575,-102.9786,USGS,Western Texas,10,2.0,422.919,519.9778571428571,482.62817,1.0773881122987097,1.8514864341145987
2004,TWDB.2409103,170.6,51.99888,33.8575,-102.9786,USGS,Western Texas,10,2.0,580.005,519.9778571428571,482.62817,1.0773881122987097,1.8514864341145987
2005,TWDB.2409103,169.37,51.623976,33.8575,-102.9786,USGS,Western Texas,10,2.0,578.32,519.9778571428571,482.62817,1.0773881122987097,1.8514864341145987
2006,TWDB.2409103,167.84,51.157632,33.8575,-102.9786,USGS,Western Texas,10,2.0,440.956,519.9778571428571,482.62817,1.0773881122987097,1.8514864341145987
2007,TWDB.2409103,167.08,50.925984,33.8575,-102.9786,USGS,Western Texas,10,2.0,523.855,519.9778571428571,482.62817,1.0773881122987097,1.8514864341145987
2008,TWDB.2409103,166.01,50.599848,33.8575,-102.9786,USGS,Western Texas,10,2.0,475.725,519.9778571428571,482.62817,1.0773881122987097,1.8514864341145987
2009,TWDB.2409103,165.19,50.349912,33.8575,-102.9786,USGS,Western Texas,10,2.0,557.333,519.9778571428571,482.62817,1.0773881122987097,1.8514864341145987
2010,TWDB.2409103,164.47,50.130456,33.8575,-102.9786,USGS,Western Texas,10,2.0,562.282,519.9778571428571,482.62817,1.0773881122987097,1.8514864341145987
2011,TWDB.2409103,164.18,50.042064,33.8575,-102.9786,USGS,Western Texas,10,2.0,382.248,519.9778571428571,482.62817,1.0773881122987097,1.8514864341145987
2012,TWDB.2409103,164.29,50.075592,33.8575,-102.9786,USGS,Western Texas,10,2.0,307.351,519.9778571428571,482.62817,1.0773881122987097,1.8514864341145987
2013,TWDB.2409103,164.64,50.182272,33.8575,-102.9786,USGS,Western Texas,10,2.0,450.051,519.9778571428571,482.62817,1.0773881122987097,1.8514864341145987
2014,TWDB.2409103,165.34,50.395632,33.8575,-102.9786,USGS,Western Texas,10,2.0,525.257,519.9778571428571,482.62817,1.0773881122987097,1.8514864341145987
2015,TWDB.2409103,165.82,50.541936,33.8575,-102.9786,USGS,Western Texas,10,2.0,698.245,519.9778571428571,482.62817,1.0773881122987097,1.8514864341145987
2016,TWDB.2409103,166.02,50.602896,33.8575,-102.9786,USGS,Western Texas,10,2.0,578.638,519.9778571428571,482.62817,1.0773881122987097,1.8514864341145987
2017,TWDB.2409103,166.12,50.633376,33.8575,-102.9786,USGS,Western Texas,10,2.0,684.381,519.9778571428571,482.62817,1.0773881122987097,1.8514864341145987
2018,TWDB.2409103,165.63,50.484024,33.8575,-102.9786,USGS,Western Texas,10,2.0,544.769,519.9778571428571,482.62817,1.0773881122987097,1.8514864341145987
2019,TWDB.2409103,165.11,50.325528,33.8575,-102.9786,USGS,Western Texas,10,2.0,623.55,519.9778571428571,482.62817,1.0773881122987097,1.8514864341145987
2020,TWDB.2409103,166.0,50.5968,33.8575,-102.9786,USGS,Western Texas,10,2.1,490.057,519.9778571428571,482.62817,1.0773881122987097,1.8514864341145987
2000,TWDB.2409801,123.52,37.648896,33.76,-102.9564,USGS,Western Texas,10,2.0,497.128,526.4142857142857,482.61142,1.0907621830950476,1.8827912591706386
2001,TWDB.2409801,120.21,36.640008,33.76,-102.9564,USGS,Western Texas,10,2.0,542.823,526.4142857142857,482.61142,1.0907621830950476,1.8827912591706386
2002,TWDB.2409801,120.44,36.710112,33.76,-102.9564,USGS,Western Texas,10,2.0,491.735,526.4142857142857,482.61142,1.0907621830950476,1.8827912591706386
2003,TWDB.2409801,120.85,36.83508,33.76,-102.9564,USGS,Western Texas,10,2.0,392.619,526.4142857142857,482.61142,1.0907621830950476,1.8827912591706386
2004,TWDB.2409801,121.17,36.932616,33.76,-102.9564,USGS,Western Texas,10,2.0,537.753,526.4142857142857,482.61142,1.0907621830950476,1.8827912591706386
2005,TWDB.2409801,120.49,36.725352,33.76,-102.9564,USGS,Western Texas,10,2.0,541.068,526.4142857142857,482.61142,1.0907621830950476,1.8827912591706386
2006,TWDB.2409801,120.64,36.771072,33.76,-102.9564,USGS,Western Texas,10,2.0,435.128,526.4142857142857,482.61142,1.0907621830950476,1.8827912591706386
2007,TWDB.2409801,119.86,36.533328,33.76,-102.9564,USGS,Western Texas,10,2.0,505.195,526.4142857142857,482.61142,1.0907621830950476,1.8827912591706386
2008,TWDB.2409801,121.18,36.935664,33.76,-102.9564,USGS,Western Texas,10,2.0,488.479,526.4142857142857,482.61142,1.0907621830950476,1.8827912591706386
2009,TWDB.2409801,120.62,36.764976,33.76,-102.9564,USGS,Western Texas,10,2.0,583.351,526.4142857142857,482.61142,1.0907621830950476,1.8827912591706386
2010,TWDB.2409801,122.03,37.194744,33.76,-102.9564,USGS,Western Texas,10,2.0,574.666,526.4142857142857,482.61142,1.0907621830950476,1.8827912591706386
2011,TWDB.2409801,122.9,37.45992,33.76,-102.9564,USGS,Western Texas,10,2.0,442.694,526.4142857142857,482.61142,1.0907621830950476,1.8827912591706386
2012,TWDB.2409801,124.61,37.981128,33.76,-102.9564,USGS,Western Texas,10,2.0,384.611,526.4142857142857,482.61142,1.0907621830950476,1.8827912591706386
2013,TWDB.2409801,127.27,38.791896,33.76,-102.9564,USGS,Western Texas,10,2.0,549.757,526.4142857142857,482.61142,1.0907621830950476,1.8827912591706386
2014,TWDB.2409801,128.7,39.22776,33.76,-102.9564,USGS,Western Texas,10,2.0,504.206,526.4142857142857,482.61142,1.0907621830950476,1.8827912591706386
2015,TWDB.2409801,128.49,39.163752,33.76,-102.9564,USGS,Western Texas,10,2.0,662.777,526.4142857142857,482.61142,1.0907621830950476,1.8827912591706386
2016,TWDB.2409801,128.15,39.06012,33.76,-102.9564,USGS,Western Texas,10,2.0,568.221,526.4142857142857,482.61142,1.0907621830950476,1.8827912591706386
2017,TWDB.2409801,127.92,38.990016,33.76,-102.9564,USGS,Western Texas,10,2.0,643.442,526.4142857142857,482.61142,1.0907621830950476,1.8827912591706386
2018,TWDB.2409801,126.23,38.474904,33.76,-102.9564,USGS,Western Texas,10,2.0,548.173,526.4142857142857,482.61142,1.0907621830950476,1.8827912591706386
2019,TWDB.2409801,127.05,38.72484,33.76,-102.9564,USGS,Western Texas,10,2.0,608.952,526.4142857142857,482.61142,1.0907621830950476,1.8827912591706386
2020,TWDB.2409801,128.99,39.316152,33.76,-102.9564,USGS,Western Texas,10,2.1,551.922,526.4142857142857,482.61142,1.0907621830950476,1.8827912591706386
2000,TWDB.2423701,110.77,33.762696,33.65222,-102.2278,USGS,Western Texas,10,2.0,669.557,612.9032380952382,535.961,1.1435594003488576,1.8821304307922317
2001,TWDB.2423701,112.48,34.283904,33.65222,-102.2278,USGS,Western Texas,10,2.0,635.325,612.9032380952382,535.961,1.1435594003488576,1.8821304307922317
2002,TWDB.2423701,111.29,33.921192,33.65222,-102.2278,USGS,Western Texas,10,2.0,579.074,612.9032380952382,535.961,1.1435594003488576,1.8821304307922317
2003,TWDB.2423701,111.72,34.052256,33.65222,-102.2278,USGS,Western Texas,10,2.0,460.633,612.9032380952382,535.961,1.1435594003488576,1.8821304307922317
2004,TWDB.2423701,112.65,34.33572,33.65222,-102.2278,USGS,Western Texas,10,2.0,678.197,612.9032380952382,535.961,1.1435594003488576,1.8821304307922317
2005,TWDB.2423701,112.38,34.253424,33.65222,-102.2278,USGS,Western Texas,10,2.0,680.502,612.9032380952382,535.961,1.1435594003488576,1.8821304307922317
2006,TWDB.2423701,112.99,34.439352,33.65222,-102.2278,USGS,Western Texas,10,2.0,580.857,612.9032380952382,535.961,1.1435594003488576,1.8821304307922317
2007,TWDB.2423701,113.89,34.713672,33.65222,-102.2278,USGS,Western Texas,10,2.0,730.754,612.9032380952382,535.961,1.1435594003488576,1.8821304307922317
2008,TWDB.2423701,112.67,34.341816,33.65222,-102.2278,USGS,Western Texas,10,2.0,595.452,612.9032380952382,535.961,1.1435594003488576,1.8821304307922317
2009,TWDB.2423701,114.54,34.911792,33.65222,-102.2278,USGS,Western Texas,10,2.0,628.291,612.9032380952382,535.961,1.1435594003488576,1.8821304307922317
2010,TWDB.2423701,115.71,35.268408,33.65222,-102.2278,USGS,Western Texas,10,2.0,644.906,612.9032380952382,535.961,1.1435594003488576,1.8821304307922317
2011,TWDB.2423701,115.49,35.201352,33.65222,-102.2278,USGS,Western Texas,10,2.0,404.753,612.9032380952382,535.961,1.1435594003488576,1.8821304307922317
2012,TWDB.2423701,116.1,35.38728,33.65222,-102.2278,USGS,Western Texas,10,2.0,464.26,612.9032380952382,535.961,1.1435594003488576,1.8821304307922317
2013,TWDB.2423701,116.18,35.411664,33.65222,-102.2278,USGS,Western Texas,10,2.0,518.808,612.9032380952382,535.961,1.1435594003488576,1.8821304307922317
2014,TWDB.2423701,116.92,35.637216,33.65222,-102.2278,USGS,Western Texas,10,2.0,620.678,612.9032380952382,535.961,1.1435594003488576,1.8821304307922317
2015,TWDB.2423701,116.99,35.658552,33.65222,-102.2278,USGS,Western Texas,10,2.0,789.993,612.9032380952382,535.961,1.1435594003488576,1.8821304307922317
2016,TWDB.2423701,115.99,35.353752,33.65222,-102.2278,USGS,Western Texas,10,2.0,705.805,612.9032380952382,535.961,1.1435594003488576,1.8821304307922317
2017,TWDB.2423701,116.3,35.44824,33.65222,-102.2278,USGS,Western Texas,10,2.0,717.098,612.9032380952382,535.961,1.1435594003488576,1.8821304307922317
2018,TWDB.2423701,116.1,35.38728,33.65222,-102.2278,USGS,Western Texas,10,2.0,526.953,612.9032380952382,535.961,1.1435594003488576,1.8821304307922317
2019,TWDB.2423701,116.46,35.497008,33.65222,-102.2278,USGS,Western Texas,10,2.0,722.8,612.9032380952382,535.961,1.1435594003488576,1.8821304307922317
2020,TWDB.2423701,116.65,35.55492,33.65222,-102.2278,USGS,Western Texas,10,2.1,516.272,612.9032380952382,535.961,1.1435594003488576,1.8821304307922317
2000,TWDB.2453902,143.7,43.79976,33.13833,-102.3808,USGS,Western Texas,10,2.0,744.657,619.6928095238096,517.9616,1.1964068357416429,2.045711073370209
2001,TWDB.2453902,145.57,44.369736,33.13833,-102.3808,USGS,Western Texas,10,2.0,599.521,619.6928095238096,517.9616,1.1964068357416429,2.045711073370209
2002,TWDB.2453902,147.15,44.85132,33.13833,-102.3808,USGS,Western Texas,10,2.0,611.192,619.6928095238096,517.9616,1.1964068357416429,2.045711073370209
2003,TWDB.2453902,148.27,45.192696,33.13833,-102.3808,USGS,Western Texas,10,2.0,593.272,619.6928095238096,517.9616,1.1964068357416429,2.045711073370209
2004,TWDB.2453902,149.78,45.652944,33.13833,-102.3808,USGS,Western Texas,10,2.0,687.035,619.6928095238096,517.9616,1.1964068357416429,2.045711073370209
2005,TWDB.2453902,150.3,45.81144,33.13833,-102.3808,USGS,Western Texas,10,2.0,676.833,619.6928095238096,517.9616,1.1964068357416429,2.045711073370209
2006,TWDB.2453902,150.68,45.927264,33.13833,-102.3808,USGS,Western Texas,10,2.0,569.653,619.6928095238096,517.9616,1.1964068357416429,2.045711073370209
2007,TWDB.2453902,150.84,45.976032,33.13833,-102.3808,USGS,Western Texas,10,2.0,692.338,619.6928095238096,517.9616,1.1964068357416429,2.045711073370209
2008,TWDB.2453902,150.77,45.954696,33.13833,-102.3808,USGS,Western Texas,10,2.0,630.875,619.6928095238096,517.9616,1.1964068357416429,2.045711073370209
2009,TWDB.2453902,151.33,46.125384,33.13833,-102.3808,USGS,Western Texas,10,2.0,619.588,619.6928095238096,517.9616,1.1964068357416429,2.045711073370209
2010,TWDB.2453902,151.85,46.28388,33.13833,-102.3808,USGS,Western Texas,10,2.0,640.89,619.6928095238096,517.9616,1.1964068357416429,2.045711073370209
2011,TWDB.2453902,152.0,46.3296,33.13833,-102.3808,USGS,Western Texas,10,2.0,466.354,619.6928095238096,517.9616,1.1964068357416429,2.045711073370209
2012,TWDB.2453902,152.29,46.417992,33.13833,-102.3808,USGS,Western Texas,10,2.0,607.532,619.6928095238096,517.9616,1.1964068357416429,2.045711073370209
2013,TWDB.2453902,152.58,46.506384,33.13833,-102.3808,USGS,Western Texas,10,2.0,573.424,619.6928095238096,517.9616,1.1964068357416429,2.045711073370209
2014,TWDB.2453902,153.03,46.643544,33.13833,-102.3808,USGS,Western Texas,10,2.0,531.47,619.6928095238096,517.9616,1.1964068357416429,2.045711073370209
2015,TWDB.2453902,153.1,46.66488,33.13833,-102.3808,USGS,Western Texas,10,2.0,725.996,619.6928095238096,517.9616,1.1964068357416429,2.045711073370209
2016,TWDB.2453902,153.24,46.707552,33.13833,-102.3808,USGS,Western Texas,10,2.0,650.791,619.6928095238096,517.9616,1.1964068357416429,2.045711073370209
2017,TWDB.2453902,152.89,46.600872,33.13833,-102.3808,USGS,Western Texas,10,2.0,629.862,619.6928095238096,517.9616,1.1964068357416429,2.045711073370209
2018,TWDB.2453902,153.45,46.77156,33.13833,-102.3808,USGS,Western Texas,10,2.0,551.86,619.6928095238096,517.9616,1.1964068357416429,2.045711073370209
2019,TWDB.2453902,153.92,46.914816,33.13833,-102.3808,USGS,Western Texas,10,2.0,689.994,619.6928095238096,517.9616,1.1964068357416429,2.045711073370209
2020,TWDB.2453902,153.82,46.884336,33.13833,-102.3808,USGS,Western Texas,10,2.1,520.412,619.6928095238096,517.9616,1.1964068357416429,2.045711073370209
2000,UNLCSD.423037099353801,26.48,8.071104,42.51028,-99.59429,USGS,Central Nebraska,10,2.0,622.634,672.588,685.1712,0.981634949707572,1.864810452255765
2001,UNLCSD.423037099353801,30.99,9.445752,42.51028,-99.59429,USGS,Central Nebraska,10,2.0,642.192,672.588,685.1712,0.981634949707572,1.864810452255765
2002,UNLCSD.423037099353801,29.32,8.936736,42.51028,-99.59429,USGS,Central Nebraska,10,2.0,621.088,672.588,685.1712,0.981634949707572,1.864810452255765
2003,UNLCSD.423037099353801,33.985,10.358628,42.51028,-99.59429,USGS,Central Nebraska,10,2.0,683.523,672.588,685.1712,0.981634949707572,1.864810452255765
2004,UNLCSD.423037099353801,35.19,10.725912,42.51028,-99.59429,USGS,Central Nebraska,10,2.0,623.889,672.588,685.1712,0.981634949707572,1.864810452255765
2005,UNLCSD.423037099353801,36.25,11.049,42.51028,-99.59429,USGS,Central Nebraska,10,2.0,664.831,672.588,685.1712,0.981634949707572,1.864810452255765
2006,UNLCSD.423037099353801,35.96,10.960608,42.51028,-99.59429,USGS,Central Nebraska,10,2.0,618.587,672.588,685.1712,0.981634949707572,1.864810452255765
2007,UNLCSD.423037099353801,37.78,11.515344,42.51028,-99.59429,USGS,Central Nebraska,10,2.0,655.203,672.588,685.1712,0.981634949707572,1.864810452255765
2008,UNLCSD.423037099353801,38.43,11.713464,42.51028,-99.59429,USGS,Central Nebraska,10,2.0,607.848,672.588,685.1712,0.981634949707572,1.864810452255765
2009,UNLCSD.423037099353801,36.71,11.189208,42.51028,-99.59429,USGS,Central Nebraska,10,2.0,630.701,672.588,685.1712,0.981634949707572,1.864810452255765
2010,UNLCSD.423037099353801,34.59,10.543032,42.51028,-99.59429,USGS,Central Nebraska,10,2.0,650.089,672.588,685.1712,0.981634949707572,1.864810452255765
2011,UNLCSD.423037099353801,30.72,9.363456,42.51028,-99.59429,USGS,Central Nebraska,10,2.0,726.508,672.588,685.1712,0.981634949707572,1.864810452255765
2012,UNLCSD.423037099353801,30.03,9.153144,42.51028,-99.59429,USGS,Central Nebraska,10,2.0,733.279,672.588,685.1712,0.981634949707572,1.864810452255765
2013,UNLCSD.423037099353801,36.39,11.091672,42.51028,-99.59429,USGS,Central Nebraska,10,2.0,718.595,672.588,685.1712,0.981634949707572,1.864810452255765
2014,UNLCSD.423037099353801,38.84,11.838432,42.51028,-99.59429,USGS,Central Nebraska,10,2.0,680.173,672.588,685.1712,0.981634949707572,1.864810452255765
2015,UNLCSD.423037099353801,37.97,11.573256,42.51028,-99.59429,USGS,Central Nebraska,10,2.0,691.693,672.588,685.1712,0.981634949707572,1.864810452255765
2016,UNLCSD.423037099353801,39.39,12.006072,42.51028,-99.59429,USGS,Central Nebraska,10,2.0,728.613,672.588,685.1712,0.981634949707572,1.864810452255765
2017,UNLCSD.423037099353801,38.93,11.865864,42.51028,-99.59429,USGS,Central Nebraska,10,2.0,693.708,672.588,685.1712,0.981634949707572,1.864810452255765
2018,UNLCSD.423037099353801,37.42,11.405616,42.51028,-99.59429,USGS,Central Nebraska,10,2.0,688.054,672.588,685.1712,0.981634949707572,1.864810452255765
2019,UNLCSD.423037099353801,33.38,10.174224,42.51028,-99.59429,USGS,Central Nebraska,10,2.0,656.526,672.588,685.1712,0.981634949707572,1.864810452255765
2020,UNLCSD.423037099353801,25.33,7.720584,42.51028,-99.59429,USGS,Central Nebraska,10,2.1,786.614,672.588,685.1712,0.981634949707572,1.864810452255765
2000,USGS.335258091152301,28.27,8.616696,33.88238,-91.25823,USGS,Eastern Arkansas,10,2.0,891.426,835.4064761904762,1409.5125,0.5926918031095897,1.8818804948608725
2001,USGS.335258091152301,29.965,9.133332,33.88238,-91.25823,USGS,Eastern Arkansas,10,2.0,744.941,835.4064761904762,1409.5125,0.5926918031095897,1.8818804948608725
2002,USGS.335258091152301,30.33,9.244584,33.88238,-91.25823,USGS,Eastern Arkansas,10,2.0,781.58,835.4064761904762,1409.5125,0.5926918031095897,1.8818804948608725
2003,USGS.335258091152301,31.01,9.451848,33.88238,-91.25823,USGS,Eastern Arkansas,10,2.0,778.664,835.4064761904762,1409.5125,0.5926918031095897,1.8818804948608725
2004,USGS.335258091152301,30.45666667,9.283192001,33.88238,-91.25823,USGS,Eastern Arkansas,10,2.0,798.487,835.4064761904762,1409.5125,0.5926918031095897,1.8818804948608725
2005,USGS.335258091152301,28.99,8.836152,33.88238,-91.25823,USGS,Eastern Arkansas,10,2.0,824.737,835.4064761904762,1409.5125,0.5926918031095897,1.8818804948608725
2006,USGS.335258091152301,30.41666667,9.271000001,33.88238,-91.25823,USGS,Eastern Arkansas,10,2.0,799.252,835.4064761904762,1409.5125,0.5926918031095897,1.8818804948608725
2007,USGS.335258091152301,32.7,9.96696,33.88238,-91.25823,USGS,Eastern Arkansas,10,2.0,809.662,835.4064761904762,1409.5125,0.5926918031095897,1.8818804948608725
2008,USGS.335258091152301,32.62,9.942576,33.88238,-91.25823,USGS,Eastern Arkansas,10,2.0,895.399,835.4064761904762,1409.5125,0.5926918031095897,1.8818804948608725
2009,USGS.335258091152301,31.9825,9.748266,33.88238,-91.25823,USGS,Eastern Arkansas,10,2.0,841.49,835.4064761904762,1409.5125,0.5926918031095897,1.8818804948608725
2010,USGS.335258091152301,28.61,8.720328,33.88238,-91.25823,USGS,Eastern Arkansas,10,2.0,857.48,835.4064761904762,1409.5125,0.5926918031095897,1.8818804948608725
2011,USGS.335258091152301,32.214,9.8188272,33.88238,-91.25823,USGS,Eastern Arkansas,10,2.0,935.646,835.4064761904762,1409.5125,0.5926918031095897,1.8818804948608725
2012,USGS.335258091152301,34.035,10.373868,33.88238,-91.25823,USGS,Eastern Arkansas,10,2.0,883.165,835.4064761904762,1409.5125,0.5926918031095897,1.8818804948608725
2013,USGS.335258091152301,34.722,10.5832656,33.88238,-91.25823,USGS,Eastern Arkansas,10,2.0,870.138,835.4064761904762,1409.5125,0.5926918031095897,1.8818804948608725
2014,USGS.335258091152301,35.33333333,10.7696,33.88238,-91.25823,USGS,Eastern Arkansas,10,2.0,832.658,835.4064761904762,1409.5125,0.5926918031095897,1.8818804948608725
2015,USGS.335258091152301,34.835,10.617708,33.88238,-91.25823,USGS,Eastern Arkansas,10,2.0,830.141,835.4064761904762,1409.5125,0.5926918031095897,1.8818804948608725
2016,USGS.335258091152301,35.552,10.8362496,33.88238,-91.25823,USGS,Eastern Arkansas,10,2.0,842.02,835.4064761904762,1409.5125,0.5926918031095897,1.8818804948608725
2017,USGS.335258091152301,34.025,10.37082,33.88238,-91.25823,USGS,Eastern Arkansas,10,2.0,816.976,835.4064761904762,1409.5125,0.5926918031095897,1.8818804948608725
2018,USGS.335258091152301,34.00333333,10.364216,33.88238,-91.25823,USGS,Eastern Arkansas,10,2.0,843.193,835.4064761904762,1409.5125,0.5926918031095897,1.8818804948608725
2019,USGS.335258091152301,31.54,9.613392,33.88238,-91.25823,USGS,Eastern Arkansas,10,2.0,814.943,835.4064761904762,1409.5125,0.5926918031095897,1.8818804948608725
2020,USGS.335258091152301,26.96,8.217408,33.88238,-91.25823,USGS,Eastern Arkansas,10,2.1,851.538,835.4064761904762,1409.5125,0.5926918031095897,1.8818804948608725
2000,USGS.340440091231201,43.38,13.222224,34.07647,-91.3878,USGS,Eastern Arkansas,10,2.0,985.557,958.5667142857144,1434.343,0.6682967062538816,1.8609819835957129
2001,USGS.340440091231201,45.3,13.80744,34.07647,-91.3878,USGS,Eastern Arkansas,10,2.0,907.577,958.5667142857144,1434.343,0.6682967062538816,1.8609819835957129
2002,USGS.340440091231201,43.37,13.219176,34.07647,-91.3878,USGS,Eastern Arkansas,10,2.0,890.818,958.5667142857144,1434.343,0.6682967062538816,1.8609819835957129
2003,USGS.340440091231201,50.18,15.294864,34.07647,-91.3878,USGS,Eastern Arkansas,10,2.0,928.607,958.5667142857144,1434.343,0.6682967062538816,1.8609819835957129
2004,USGS.340440091231201,43.08,13.130784,34.07647,-91.3878,USGS,Eastern Arkansas,10,2.0,947.26,958.5667142857144,1434.343,0.6682967062538816,1.8609819835957129
2005,USGS.340440091231201,44.0,13.4112,34.07647,-91.3878,USGS,Eastern Arkansas,10,2.0,905.398,958.5667142857144,1434.343,0.6682967062538816,1.8609819835957129
2006,USGS.340440091231201,42.41,12.926568,34.07647,-91.3878,USGS,Eastern Arkansas,10,2.0,987.959,958.5667142857144,1434.343,0.6682967062538816,1.8609819835957129
2007,USGS.340440091231201,43.1,13.13688,34.07647,-91.3878,USGS,Eastern Arkansas,10,2.0,948.066,958.5667142857144,1434.343,0.6682967062538816,1.8609819835957129
2008,USGS.340440091231201,44.17,13.463016,34.07647,-91.3878,USGS,Eastern Arkansas,10,2.0,973.846,958.5667142857144,1434.343,0.6682967062538816,1.8609819835957129
2009,USGS.340440091231201,41.5,12.6492,34.07647,-91.3878,USGS,Eastern Arkansas,10,2.0,936.283,958.5667142857144,1434.343,0.6682967062538816,1.8609819835957129
2010,USGS.340440091231201,39.66,12.088368,34.07647,-91.3878,USGS,Eastern Arkansas,10,2.0,952.888,958.5667142857144,1434.343,0.6682967062538816,1.8609819835957129
2011,USGS.340440091231201,40.4,12.31392,34.07647,-91.3878,USGS,Eastern Arkansas,10,2.0,1044.404,958.5667142857144,1434.343,0.6682967062538816,1.8609819835957129
2012,USGS.340440091231201,41.34,12.600432,34.07647,-91.3878,USGS,Eastern Arkansas,10,2.0,1034.498,958.5667142857144,1434.343,0.6682967062538816,1.8609819835957129
2013,USGS.340440091231201,41.19,12.554712,34.07647,-91.3878,USGS,Eastern Arkansas,10,2.0,1005.606,958.5667142857144,1434.343,0.6682967062538816,1.8609819835957129
2014,USGS.340440091231201,42.48,12.947904,34.07647,-91.3878,USGS,Eastern Arkansas,10,2.0,945.091,958.5667142857144,1434.343,0.6682967062538816,1.8609819835957129
2015,USGS.340440091231201,40.05,12.20724,34.07647,-91.3878,USGS,Eastern Arkansas,10,2.0,974.743,958.5667142857144,1434.343,0.6682967062538816,1.8609819835957129
2016,USGS.340440091231201,42.43,12.932664,34.07647,-91.3878,USGS,Eastern Arkansas,10,2.0,962.509,958.5667142857144,1434.343,0.6682967062538816,1.8609819835957129
2017,USGS.340440091231201,40.68,12.399264,34.07647,-91.3878,USGS,Eastern Arkansas,10,2.0,938.228,958.5667142857144,1434.343,0.6682967062538816,1.8609819835957129
2018,USGS.340440091231201,40.08,12.216384,34.07647,-91.3878,USGS,Eastern Arkansas,10,2.0,944.73,958.5667142857144,1434.343,0.6682967062538816,1.8609819835957129
2019,USGS.340440091231201,41.47333333,12.641072,34.07647,-91.3878,USGS,Eastern Arkansas,10,2.0,939.842,958.5667142857144,1434.343,0.6682967062538816,1.8609819835957129
2020,USGS.340440091231201,40.3,12.28344,34.07647,-91.3878,USGS,Eastern Arkansas,10,2.1,975.991,958.5667142857144,1434.343,0.6682967062538816,1.8609819835957129
2000,USGS.342649091251916,98.89,30.141672,34.46473,-91.42094,USGS,Eastern Arkansas,10,2.0,901.093,914.3238095238096,1358.8403,0.6728706735963901,1.8295156354837814
2001,USGS.342649091251916,99.3375,30.27807,34.46473,-91.42094,USGS,Eastern Arkansas,10,2.0,862.438,914.3238095238096,1358.8403,0.6728706735963901,1.8295156354837814
2002,USGS.342649091251916,99.1,30.20568,34.46473,-91.42094,USGS,Eastern Arkansas,10,2.0,889.07,914.3238095238096,1358.8403,0.6728706735963901,1.8295156354837814
2003,USGS.342649091251916,99.95,30.46476,34.46473,-91.42094,USGS,Eastern Arkansas,10,2.0,880.843,914.3238095238096,1358.8403,0.6728706735963901,1.8295156354837814
2004,USGS.342649091251916,100.08,30.504384,34.46473,-91.42094,USGS,Eastern Arkansas,10,2.0,900.479,914.3238095238096,1358.8403,0.6728706735963901,1.8295156354837814
2005,USGS.342649091251916,100.175,30.53334,34.46473,-91.42094,USGS,Eastern Arkansas,10,2.0,879.966,914.3238095238096,1358.8403,0.6728706735963901,1.8295156354837814
2006,USGS.342649091251916,100.3633333,30.59074399,34.46473,-91.42094,USGS,Eastern Arkansas,10,2.0,939.921,914.3238095238096,1358.8403,0.6728706735963901,1.8295156354837814
2007,USGS.342649091251916,100.815,30.728412,34.46473,-91.42094,USGS,Eastern Arkansas,10,2.0,925.539,914.3238095238096,1358.8403,0.6728706735963901,1.8295156354837814
2008,USGS.342649091251916,101.1525,30.831282,34.46473,-91.42094,USGS,Eastern Arkansas,10,2.0,966.925,914.3238095238096,1358.8403,0.6728706735963901,1.8295156354837814
2009,USGS.342649091251916,101.3825,30.901386,34.46473,-91.42094,USGS,Eastern Arkansas,10,2.0,883.636,914.3238095238096,1358.8403,0.6728706735963901,1.8295156354837814
2010,USGS.342649091251916,101.17,30.836616,34.46473,-91.42094,USGS,Eastern Arkansas,10,2.0,921.125,914.3238095238096,1358.8403,0.6728706735963901,1.8295156354837814
2011,USGS.342649091251916,101.18,30.839664,34.46473,-91.42094,USGS,Eastern Arkansas,10,2.0,972.903,914.3238095238096,1358.8403,0.6728706735963901,1.8295156354837814
2012,USGS.342649091251916,101.2214286,30.85229144,34.46473,-91.42094,USGS,Eastern Arkansas,10,2.0,964.187,914.3238095238096,1358.8403,0.6728706735963901,1.8295156354837814
2013,USGS.342649091251916,101.4175,30.912054,34.46473,-91.42094,USGS,Eastern Arkansas,10,2.0,937.986,914.3238095238096,1358.8403,0.6728706735963901,1.8295156354837814
2014,USGS.342649091251916,101.6033333,30.96869599,34.46473,-91.42094,USGS,Eastern Arkansas,10,2.0,922.327,914.3238095238096,1358.8403,0.6728706735963901,1.8295156354837814
2015,USGS.342649091251916,101.592,30.9652416,34.46473,-91.42094,USGS,Eastern Arkansas,10,2.0,866.361,914.3238095238096,1358.8403,0.6728706735963901,1.8295156354837814
2016,USGS.342649091251916,101.165,30.835092,34.46473,-91.42094,USGS,Eastern Arkansas,10,2.0,911.101,914.3238095238096,1358.8403,0.6728706735963901,1.8295156354837814
2017,USGS.342649091251916,101.335,30.886908,34.46473,-91.42094,USGS,Eastern Arkansas,10,2.0,901.69,914.3238095238096,1358.8403,0.6728706735963901,1.8295156354837814
2018,USGS.342649091251916,101.36,30.894528,34.46473,-91.42094,USGS,Eastern Arkansas,10,2.0,920.58,914.3238095238096,1358.8403,0.6728706735963901,1.8295156354837814
2019,USGS.342649091251916,101.2666667,30.86608001,34.46473,-91.42094,USGS,Eastern Arkansas,10,2.0,921.283,914.3238095238096,1358.8403,0.6728706735963901,1.8295156354837814
2020,USGS.342649091251916,100.8833333,30.74923999,34.46473,-91.42094,USGS,Eastern Arkansas,10,2.1,931.347,914.3238095238096,1358.8403,0.6728706735963901,1.8295156354837814
2000,USGS.345519091505401,85.3,25.99944,34.92182,-91.8482,USGS,Eastern Arkansas,10,2.0,974.728,967.3528571428571,1411.8474,0.6851681342090506,1.8767707586579296
2001,USGS.345519091505401,86.0525,26.228802,34.92182,-91.8482,USGS,Eastern Arkansas,10,2.0,919.663,967.3528571428571,1411.8474,0.6851681342090506,1.8767707586579296
2002,USGS.345519091505401,88.51,26.977848,34.92182,-91.8482,USGS,Eastern Arkansas,10,2.0,959.543,967.3528571428571,1411.8474,0.6851681342090506,1.8767707586579296
2003,USGS.345519091505401,90.37,27.544776,34.92182,-91.8482,USGS,Eastern Arkansas,10,2.0,970.487,967.3528571428571,1411.8474,0.6851681342090506,1.8767707586579296
2004,USGS.345519091505401,91.4725,27.880818,34.92182,-91.8482,USGS,Eastern Arkansas,10,2.0,942.907,967.3528571428571,1411.8474,0.6851681342090506,1.8767707586579296
2005,USGS.345519091505401,92.6975,28.254198,34.92182,-91.8482,USGS,Eastern Arkansas,10,2.0,968.862,967.3528571428571,1411.8474,0.6851681342090506,1.8767707586579296
2006,USGS.345519091505401,94.915,28.930092,34.92182,-91.8482,USGS,Eastern Arkansas,10,2.0,966.85,967.3528571428571,1411.8474,0.6851681342090506,1.8767707586579296
2007,USGS.345519091505401,96.42,29.388816,34.92182,-91.8482,USGS,Eastern Arkansas,10,2.0,956.509,967.3528571428571,1411.8474,0.6851681342090506,1.8767707586579296
2008,USGS.345519091505401,96.3975,29.381958,34.92182,-91.8482,USGS,Eastern Arkansas,10,2.0,959.259,967.3528571428571,1411.8474,0.6851681342090506,1.8767707586579296
2009,USGS.345519091505401,98.275,29.95422,34.92182,-91.8482,USGS,Eastern Arkansas,10,2.0,931.316,967.3528571428571,1411.8474,0.6851681342090506,1.8767707586579296
2010,USGS.345519091505401,98.905,30.146244,34.92182,-91.8482,USGS,Eastern Arkansas,10,2.0,969.826,967.3528571428571,1411.8474,0.6851681342090506,1.8767707586579296
2011,USGS.345519091505401,100.6525,30.678882,34.92182,-91.8482,USGS,Eastern Arkansas,10,2.0,1040.889,967.3528571428571,1411.8474,0.6851681342090506,1.8767707586579296
2012,USGS.345519091505401,101.6125,30.97149,34.92182,-91.8482,USGS,Eastern Arkansas,10,2.0,946.069,967.3528571428571,1411.8474,0.6851681342090506,1.8767707586579296
2013,USGS.345519091505401,102.862,31.3523376,34.92182,-91.8482,USGS,Eastern Arkansas,10,2.0,1005.754,967.3528571428571,1411.8474,0.6851681342090506,1.8767707586579296
2014,USGS.345519091505401,103.47,31.537656,34.92182,-91.8482,USGS,Eastern Arkansas,10,2.0,968.874,967.3528571428571,1411.8474,0.6851681342090506,1.8767707586579296
2015,USGS.345519091505401,103.19,31.452312,34.92182,-91.8482,USGS,Eastern Arkansas,10,2.0,985.605,967.3528571428571,1411.8474,0.6851681342090506,1.8767707586579296
2016,USGS.345519091505401,103.63,31.586424,34.92182,-91.8482,USGS,Eastern Arkansas,10,2.0,1010.09,967.3528571428571,1411.8474,0.6851681342090506,1.8767707586579296
2017,USGS.345519091505401,104.92,31.979616,34.92182,-91.8482,USGS,Eastern Arkansas,10,2.0,970.576,967.3528571428571,1411.8474,0.6851681342090506,1.8767707586579296
2018,USGS.345519091505401,104.53,31.860744,34.92182,-91.8482,USGS,Eastern Arkansas,10,2.0,947.672,967.3528571428571,1411.8474,0.6851681342090506,1.8767707586579296
2019,USGS.345519091505401,105.7333333,32.22751999,34.92182,-91.8482,USGS,Eastern Arkansas,10,2.0,964.124,967.3528571428571,1411.8474,0.6851681342090506,1.8767707586579296
2020,USGS.345519091505401,105.9766667,32.30168801,34.92182,-91.8482,USGS,Eastern Arkansas,10,2.1,954.807,967.3528571428571,1411.8474,0.6851681342090506,1.8767707586579296
2000,USGS.350029090265801,20.88,6.364224,35.0071,-90.44913,USGS,Eastern Arkansas,10,2.0,820.945,820.6102857142856,1405.264,0.5839545192033884,1.8497891806054483
2001,USGS.350029090265801,28.9,8.80872,35.0071,-90.44913,USGS,Eastern Arkansas,10,2.0,839.729,820.6102857142856,1405.264,0.5839545192033884,1.8497891806054483
2002,USGS.350029090265801,29.175,8.89254,35.0071,-90.44913,USGS,Eastern Arkansas,10,2.0,703.669,820.6102857142856,1405.264,0.5839545192033884,1.8497891806054483
2003,USGS.350029090265801,26.9,8.19912,35.0071,-90.44913,USGS,Eastern Arkansas,10,2.0,751.244,820.6102857142856,1405.264,0.5839545192033884,1.8497891806054483
2004,USGS.350029090265801,28.38,8.650224,35.0071,-90.44913,USGS,Eastern Arkansas,10,2.0,749.642,820.6102857142856,1405.264,0.5839545192033884,1.8497891806054483
2005,USGS.350029090265801,26.575,8.10006,35.0071,-90.44913,USGS,Eastern Arkansas,10,2.0,826.643,820.6102857142856,1405.264,0.5839545192033884,1.8497891806054483
2006,USGS.350029090265801,27.69,8.439912,35.0071,-90.44913,USGS,Eastern Arkansas,10,2.0,868.364,820.6102857142856,1405.264,0.5839545192033884,1.8497891806054483
2007,USGS.350029090265801,28.1,8.56488,35.0071,-90.44913,USGS,Eastern Arkansas,10,2.0,834.678,820.6102857142856,1405.264,0.5839545192033884,1.8497891806054483
2008,USGS.350029090265801,28.38,8.650224,35.0071,-90.44913,USGS,Eastern Arkansas,10,2.0,862.764,820.6102857142856,1405.264,0.5839545192033884,1.8497891806054483
2009,USGS.350029090265801,27.2,8.29056,35.0071,-90.44913,USGS,Eastern Arkansas,10,2.0,761.044,820.6102857142856,1405.264,0.5839545192033884,1.8497891806054483
2010,USGS.350029090265801,25.16,7.668768,35.0071,-90.44913,USGS,Eastern Arkansas,10,2.0,792.973,820.6102857142856,1405.264,0.5839545192033884,1.8497891806054483
2011,USGS.350029090265801,26.15,7.97052,35.0071,-90.44913,USGS,Eastern Arkansas,10,2.0,930.256,820.6102857142856,1405.264,0.5839545192033884,1.8497891806054483
2012,USGS.350029090265801,24.99,7.616952,35.0071,-90.44913,USGS,Eastern Arkansas,10,2.0,904.611,820.6102857142856,1405.264,0.5839545192033884,1.8497891806054483
2013,USGS.350029090265801,26.7,8.13816,35.0071,-90.44913,USGS,Eastern Arkansas,10,2.0,819.659,820.6102857142856,1405.264,0.5839545192033884,1.8497891806054483
2014,USGS.350029090265801,26.19,7.982712,35.0071,-90.44913,USGS,Eastern Arkansas,10,2.0,813.062,820.6102857142856,1405.264,0.5839545192033884,1.8497891806054483
2015,USGS.350029090265801,26.15,7.97052,35.0071,-90.44913,USGS,Eastern Arkansas,10,2.0,793.333,820.6102857142856,1405.264,0.5839545192033884,1.8497891806054483
2016,USGS.350029090265801,28.9,8.80872,35.0071,-90.44913,USGS,Eastern Arkansas,10,2.0,830.116,820.6102857142856,1405.264,0.5839545192033884,1.8497891806054483
2017,USGS.350029090265801,26.63,8.116824,35.0071,-90.44913,USGS,Eastern Arkansas,10,2.0,845.002,820.6102857142856,1405.264,0.5839545192033884,1.8497891806054483
2018,USGS.350029090265801,23.75,7.239,35.0071,-90.44913,USGS,Eastern Arkansas,10,2.0,842.958,820.6102857142856,1405.264,0.5839545192033884,1.8497891806054483
2019,USGS.350029090265801,22.14,6.748272,35.0071,-90.44913,USGS,Eastern Arkansas,10,2.0,865.738,820.6102857142856,1405.264,0.5839545192033884,1.8497891806054483
2020,USGS.350029090265801,20.58,6.272784,35.0071,-90.44913,USGS,Eastern Arkansas,10,2.1,776.386,820.6102857142856,1405.264,0.5839545192033884,1.8497891806054483
2000,USGS.373644113411501,197.39,60.164472,37.6122,-113.6883,USGS,Western Utah,10,2.0,521.912,542.115,362.39102,1.4959393790007418,2.044468114438336
2001,USGS.373644113411501,204.0,62.1792,37.6122,-113.6883,USGS,Western Utah,10,2.0,562.921,542.115,362.39102,1.4959393790007418,2.044468114438336
2002,USGS.373644113411501,209.41,63.828168,37.6122,-113.6883,USGS,Western Utah,10,2.0,491.842,542.115,362.39102,1.4959393790007418,2.044468114438336
2003,USGS.373644113411501,216.38,65.952624,37.6122,-113.6883,USGS,Western Utah,10,2.0,525.096,542.115,362.39102,1.4959393790007418,2.044468114438336
2004,USGS.373644113411501,221.9,67.63512,37.6122,-113.6883,USGS,Western Utah,10,2.0,517.041,542.115,362.39102,1.4959393790007418,2.044468114438336
2005,USGS.373644113411501,227.21,69.253608,37.6122,-113.6883,USGS,Western Utah,10,2.0,611.824,542.115,362.39102,1.4959393790007418,2.044468114438336
2006,USGS.373644113411501,217.97,66.437256,37.6122,-113.6883,USGS,Western Utah,10,2.0,529.68,542.115,362.39102,1.4959393790007418,2.044468114438336
2007,USGS.373644113411501,221.56,67.531488,37.6122,-113.6883,USGS,Western Utah,10,2.0,536.547,542.115,362.39102,1.4959393790007418,2.044468114438336
2008,USGS.373644113411501,226.02,68.890896,37.6122,-113.6883,USGS,Western Utah,10,2.0,489.685,542.115,362.39102,1.4959393790007418,2.044468114438336
2009,USGS.373644113411501,229.97,70.094856,37.6122,-113.6883,USGS,Western Utah,10,2.0,487.981,542.115,362.39102,1.4959393790007418,2.044468114438336
2010,USGS.373644113411501,233.82,71.268336,37.6122,-113.6883,USGS,Western Utah,10,2.0,571.79,542.115,362.39102,1.4959393790007418,2.044468114438336
2011,USGS.373644113411501,235.92,71.908416,37.6122,-113.6883,USGS,Western Utah,10,2.0,579.308,542.115,362.39102,1.4959393790007418,2.044468114438336
2012,USGS.373644113411501,234.7,71.53656,37.6122,-113.6883,USGS,Western Utah,10,2.0,547.295,542.115,362.39102,1.4959393790007418,2.044468114438336
2013,USGS.373644113411501,238.11,72.575928,37.6122,-113.6883,USGS,Western Utah,10,2.0,508.402,542.115,362.39102,1.4959393790007418,2.044468114438336
2014,USGS.373644113411501,241.65,73.65492,37.6122,-113.6883,USGS,Western Utah,10,2.0,533.829,542.115,362.39102,1.4959393790007418,2.044468114438336
2015,USGS.373644113411501,246.9,75.25512,37.6122,-113.6883,USGS,Western Utah,10,2.0,531.783,542.115,362.39102,1.4959393790007418,2.044468114438336
2016,USGS.373644113411501,251.1,76.53528,37.6122,-113.6883,USGS,Western Utah,10,2.0,539.706,542.115,362.39102,1.4959393790007418,2.044468114438336
2017,USGS.373644113411501,273.94,83.496912,37.6122,-113.6883,USGS,Western Utah,10,2.0,559.526,542.115,362.39102,1.4959393790007418,2.044468114438336
2018,USGS.373644113411501,284.41,86.688168,37.6122,-113.6883,USGS,Western Utah,10,2.0,542.063,542.115,362.39102,1.4959393790007418,2.044468114438336
2019,USGS.373644113411501,264.29,80.555592,37.6122,-113.6883,USGS,Western Utah,10,2.0,630.724,542.115,362.39102,1.4959393790007418,2.044468114438336
2020,USGS.373644113411501,265.69,80.982312,37.6122,-113.6883,USGS,Western Utah,10,2.1,565.46,542.115,362.39102,1.4959393790007418,2.044468114438336
2000,USGS.381901113014102,62.53,19.059144,38.31691,-113.0288,USGS,Western Utah,10,2.0,642.356,631.0349047619047,271.76712,2.321969279885337,1.7490925902581285
2001,USGS.381901113014102,66.41,20.241768,38.31691,-113.0288,USGS,Western Utah,10,2.0,648.733,631.0349047619047,271.76712,2.321969279885337,1.7490925902581285
2002,USGS.381901113014102,69.94,21.317712,38.31691,-113.0288,USGS,Western Utah,10,2.0,550.342,631.0349047619047,271.76712,2.321969279885337,1.7490925902581285
2003,USGS.381901113014102,74.86,22.817328,38.31691,-113.0288,USGS,Western Utah,10,2.0,575.579,631.0349047619047,271.76712,2.321969279885337,1.7490925902581285
2004,USGS.381901113014102,77.25,23.5458,38.31691,-113.0288,USGS,Western Utah,10,2.0,591.239,631.0349047619047,271.76712,2.321969279885337,1.7490925902581285
2005,USGS.381901113014102,78.64,23.969472,38.31691,-113.0288,USGS,Western Utah,10,2.0,719.827,631.0349047619047,271.76712,2.321969279885337,1.7490925902581285
2006,USGS.381901113014102,75.23,22.930104,38.31691,-113.0288,USGS,Western Utah,10,2.0,621.561,631.0349047619047,271.76712,2.321969279885337,1.7490925902581285
2007,USGS.381901113014102,79.35,24.18588,38.31691,-113.0288,USGS,Western Utah,10,2.0,638.347,631.0349047619047,271.76712,2.321969279885337,1.7490925902581285
2008,USGS.381901113014102,80.3,24.47544,38.31691,-113.0288,USGS,Western Utah,10,2.0,575.961,631.0349047619047,271.76712,2.321969279885337,1.7490925902581285
2009,USGS.381901113014102,83.9,25.57272,38.31691,-113.0288,USGS,Western Utah,10,2.0,557.787,631.0349047619047,271.76712,2.321969279885337,1.7490925902581285
2010,USGS.381901113014102,85.05,25.92324,38.31691,-113.0288,USGS,Western Utah,10,2.0,665.363,631.0349047619047,271.76712,2.321969279885337,1.7490925902581285
2011,USGS.381901113014102,86.72,26.432256,38.31691,-113.0288,USGS,Western Utah,10,2.0,706.21,631.0349047619047,271.76712,2.321969279885337,1.7490925902581285
2012,USGS.381901113014102,82.8,25.23744,38.31691,-113.0288,USGS,Western Utah,10,2.0,675.161,631.0349047619047,271.76712,2.321969279885337,1.7490925902581285
2013,USGS.381901113014102,84.7,25.81656,38.31691,-113.0288,USGS,Western Utah,10,2.0,588.388,631.0349047619047,271.76712,2.321969279885337,1.7490925902581285
2014,USGS.381901113014102,87.25,26.5938,38.31691,-113.0288,USGS,Western Utah,10,2.0,627.497,631.0349047619047,271.76712,2.321969279885337,1.7490925902581285
2015,USGS.381901113014102,88.78,27.060144,38.31691,-113.0288,USGS,Western Utah,10,2.0,635.019,631.0349047619047,271.76712,2.321969279885337,1.7490925902581285
2016,USGS.381901113014102,91.34,27.840432,38.31691,-113.0288,USGS,Western Utah,10,2.0,643.811,631.0349047619047,271.76712,2.321969279885337,1.7490925902581285
2017,USGS.381901113014102,93.3,28.43784,38.31691,-113.0288,USGS,Western Utah,10,2.0,661.248,631.0349047619047,271.76712,2.321969279885337,1.7490925902581285
2018,USGS.381901113014102,95.23,29.026104,38.31691,-113.0288,USGS,Western Utah,10,2.0,624.49,631.0349047619047,271.76712,2.321969279885337,1.7490925902581285
2019,USGS.381901113014102,98.09,29.897832,38.31691,-113.0288,USGS,Western Utah,10,2.0,677.902,631.0349047619047,271.76712,2.321969279885337,1.7490925902581285
2020,USGS.381901113014102,95.52,29.114496,38.31691,-113.0288,USGS,Western Utah,10,2.1,624.912,631.0349047619047,271.76712,2.321969279885337,1.7490925902581285
2000,USGS.383921112175901,78.21,23.838408,38.65806,-112.1672,USGS,Western Utah,10,2.0,432.299,455.8804761904762,308.8968,1.4758342968000693,1.5651197041507015
2001,USGS.383921112175901,80.92,24.664416,38.65806,-112.1672,USGS,Western Utah,10,2.0,485.835,455.8804761904762,308.8968,1.4758342968000693,1.5651197041507015
2002,USGS.383921112175901,81.32,24.786336,38.65806,-112.1672,USGS,Western Utah,10,2.0,439.792,455.8804761904762,308.8968,1.4758342968000693,1.5651197041507015
2003,USGS.383921112175901,83.69,25.508712,38.65806,-112.1672,USGS,Western Utah,10,2.0,443.64,455.8804761904762,308.8968,1.4758342968000693,1.5651197041507015
2004,USGS.383921112175901,84.07,25.624536,38.65806,-112.1672,USGS,Western Utah,10,2.0,463.195,455.8804761904762,308.8968,1.4758342968000693,1.5651197041507015
2005,USGS.383921112175901,84.72,25.822656,38.65806,-112.1672,USGS,Western Utah,10,2.0,475.662,455.8804761904762,308.8968,1.4758342968000693,1.5651197041507015
2006,USGS.383921112175901,79.63,24.271224,38.65806,-112.1672,USGS,Western Utah,10,2.0,475.413,455.8804761904762,308.8968,1.4758342968000693,1.5651197041507015
2007,USGS.383921112175901,80.25,24.4602,38.65806,-112.1672,USGS,Western Utah,10,2.0,469.39,455.8804761904762,308.8968,1.4758342968000693,1.5651197041507015
2008,USGS.383921112175901,82.33,25.094184,38.65806,-112.1672,USGS,Western Utah,10,2.0,413.095,455.8804761904762,308.8968,1.4758342968000693,1.5651197041507015
2009,USGS.383921112175901,82.8,25.23744,38.65806,-112.1672,USGS,Western Utah,10,2.0,443.584,455.8804761904762,308.8968,1.4758342968000693,1.5651197041507015
2010,USGS.383921112175901,83.15,25.34412,38.65806,-112.1672,USGS,Western Utah,10,2.0,448.269,455.8804761904762,308.8968,1.4758342968000693,1.5651197041507015
2011,USGS.383921112175901,82.71,25.210008,38.65806,-112.1672,USGS,Western Utah,10,2.0,518.771,455.8804761904762,308.8968,1.4758342968000693,1.5651197041507015
2012,USGS.383921112175901,78.77,24.009096,38.65806,-112.1672,USGS,Western Utah,10,2.0,483.169,455.8804761904762,308.8968,1.4758342968000693,1.5651197041507015
2013,USGS.383921112175901,81.08,24.713184,38.65806,-112.1672,USGS,Western Utah,10,2.0,452.316,455.8804761904762,308.8968,1.4758342968000693,1.5651197041507015
2014,USGS.383921112175901,83.25,25.3746,38.65806,-112.1672,USGS,Western Utah,10,2.0,447.052,455.8804761904762,308.8968,1.4758342968000693,1.5651197041507015
2015,USGS.383921112175901,84.05,25.61844,38.65806,-112.1672,USGS,Western Utah,10,2.0,459.739,455.8804761904762,308.8968,1.4758342968000693,1.5651197041507015
2016,USGS.383921112175901,85.22,25.975056,38.65806,-112.1672,USGS,Western Utah,10,2.0,471.171,455.8804761904762,308.8968,1.4758342968000693,1.5651197041507015
2017,USGS.383921112175901,85.31,26.002488,38.65806,-112.1672,USGS,Western Utah,10,2.0,507.315,455.8804761904762,308.8968,1.4758342968000693,1.5651197041507015
2018,USGS.383921112175901,84.85,25.86228,38.65806,-112.1672,USGS,Western Utah,10,2.0,402.329,455.8804761904762,308.8968,1.4758342968000693,1.5651197041507015
2019,USGS.383921112175901,86.37,26.325576,38.65806,-112.1672,USGS,Western Utah,10,2.0,434.282,455.8804761904762,308.8968,1.4758342968000693,1.5651197041507015
2020,USGS.383921112175901,82.94,25.280112,38.65806,-112.1672,USGS,Western Utah,10,2.1,407.172,455.8804761904762,308.8968,1.4758342968000693,1.5651197041507015
2000,USGS.390819111530701,21.53,6.562344,39.13857,-111.886,USGS,Western Utah,10,2.0,510.471,524.3863809523809,308.35413,1.7005979060330092,1.6581502666415437
2001,USGS.390819111530701,22.86,6.967728,39.13857,-111.886,USGS,Western Utah,10,2.0,510.36,524.3863809523809,308.35413,1.7005979060330092,1.6581502666415437
2002,USGS.390819111530701,23.29,7.098792,39.13857,-111.886,USGS,Western Utah,10,2.0,483.175,524.3863809523809,308.35413,1.7005979060330092,1.6581502666415437
2003,USGS.390819111530701,24.8,7.55904,39.13857,-111.886,USGS,Western Utah,10,2.0,517.78,524.3863809523809,308.35413,1.7005979060330092,1.6581502666415437
2004,USGS.390819111530701,25.18,7.674864,39.13857,-111.886,USGS,Western Utah,10,2.0,503.022,524.3863809523809,308.35413,1.7005979060330092,1.6581502666415437
2005,USGS.390819111530701,25.63,7.812024,39.13857,-111.886,USGS,Western Utah,10,2.0,552.15,524.3863809523809,308.35413,1.7005979060330092,1.6581502666415437
2006,USGS.390819111530701,24.27,7.397496,39.13857,-111.886,USGS,Western Utah,10,2.0,542.934,524.3863809523809,308.35413,1.7005979060330092,1.6581502666415437
2007,USGS.390819111530701,24.14,7.357872,39.13857,-111.886,USGS,Western Utah,10,2.0,534.507,524.3863809523809,308.35413,1.7005979060330092,1.6581502666415437
2008,USGS.390819111530701,24.33,7.415784,39.13857,-111.886,USGS,Western Utah,10,2.0,483.814,524.3863809523809,308.35413,1.7005979060330092,1.6581502666415437
2009,USGS.390819111530701,24.84,7.571232,39.13857,-111.886,USGS,Western Utah,10,2.0,517.293,524.3863809523809,308.35413,1.7005979060330092,1.6581502666415437
2010,USGS.390819111530701,24.68,7.522464,39.13857,-111.886,USGS,Western Utah,10,2.0,521.272,524.3863809523809,308.35413,1.7005979060330092,1.6581502666415437
2011,USGS.390819111530701,24.44,7.449312,39.13857,-111.886,USGS,Western Utah,10,2.0,612.4,524.3863809523809,308.35413,1.7005979060330092,1.6581502666415437
2012,USGS.390819111530701,22.32,6.803136,39.13857,-111.886,USGS,Western Utah,10,2.0,570.732,524.3863809523809,308.35413,1.7005979060330092,1.6581502666415437
2013,USGS.390819111530701,23.35,7.11708,39.13857,-111.886,USGS,Western Utah,10,2.0,516.414,524.3863809523809,308.35413,1.7005979060330092,1.6581502666415437
2014,USGS.390819111530701,24.08,7.339584,39.13857,-111.886,USGS,Western Utah,10,2.0,535.065,524.3863809523809,308.35413,1.7005979060330092,1.6581502666415437
2015,USGS.390819111530701,24.38,7.431024,39.13857,-111.886,USGS,Western Utah,10,2.0,519.3,524.3863809523809,308.35413,1.7005979060330092,1.6581502666415437
2016,USGS.390819111530701,25.35,7.72668,39.13857,-111.886,USGS,Western Utah,10,2.0,490.111,524.3863809523809,308.35413,1.7005979060330092,1.6581502666415437
2017,USGS.390819111530701,25.5,7.7724,39.13857,-111.886,USGS,Western Utah,10,2.0,546.213,524.3863809523809,308.35413,1.7005979060330092,1.6581502666415437
2018,USGS.390819111530701,25.69,7.830312,39.13857,-111.886,USGS,Western Utah,10,2.0,458.632,524.3863809523809,308.35413,1.7005979060330092,1.6581502666415437
2019,USGS.390819111530701,26.34,8.028432,39.13857,-111.886,USGS,Western Utah,10,2.0,569.615,524.3863809523809,308.35413,1.7005979060330092,1.6581502666415437
2020,USGS.390819111530701,25.09,7.647432,39.13857,-111.886,USGS,Western Utah,10,2.1,516.854,524.3863809523809,308.35413,1.7005979060330092,1.6581502666415437
2000,USGS.392601112412201,12.47,3.800856,39.43356,-112.6902,USGS,Western Utah,10,2.0,551.49,497.98966666666666,235.8343,2.1116082627113117,1.6563461805860722
2001,USGS.392601112412201,14.04,4.279392,39.43356,-112.6902,USGS,Western Utah,10,2.0,512.39,497.98966666666666,235.8343,2.1116082627113117,1.6563461805860722
2002,USGS.392601112412201,17.49,5.330952,39.43356,-112.6902,USGS,Western Utah,10,2.0,438.754,497.98966666666666,235.8343,2.1116082627113117,1.6563461805860722
2003,USGS.392601112412201,22.65,6.90372,39.43356,-112.6902,USGS,Western Utah,10,2.0,491.678,497.98966666666666,235.8343,2.1116082627113117,1.6563461805860722
2004,USGS.392601112412201,24.04,7.327392,39.43356,-112.6902,USGS,Western Utah,10,2.0,500.294,497.98966666666666,235.8343,2.1116082627113117,1.6563461805860722
2005,USGS.392601112412201,25.25,7.6962,39.43356,-112.6902,USGS,Western Utah,10,2.0,545.345,497.98966666666666,235.8343,2.1116082627113117,1.6563461805860722
2006,USGS.392601112412201,24.35,7.42188,39.43356,-112.6902,USGS,Western Utah,10,2.0,507.68,497.98966666666666,235.8343,2.1116082627113117,1.6563461805860722
2007,USGS.392601112412201,21.05,6.41604,39.43356,-112.6902,USGS,Western Utah,10,2.0,498.74,497.98966666666666,235.8343,2.1116082627113117,1.6563461805860722
2008,USGS.392601112412201,25.59,7.799832,39.43356,-112.6902,USGS,Western Utah,10,2.0,442.506,497.98966666666666,235.8343,2.1116082627113117,1.6563461805860722
2009,USGS.392601112412201,25.31,7.714488,39.43356,-112.6902,USGS,Western Utah,10,2.0,446.481,497.98966666666666,235.8343,2.1116082627113117,1.6563461805860722
2010,USGS.392601112412201,25.43,7.751064,39.43356,-112.6902,USGS,Western Utah,10,2.0,455.318,497.98966666666666,235.8343,2.1116082627113117,1.6563461805860722
2011,USGS.392601112412201,24.49,7.464552,39.43356,-112.6902,USGS,Western Utah,10,2.0,581.157,497.98966666666666,235.8343,2.1116082627113117,1.6563461805860722
2012,USGS.392601112412201,21.63,6.592824,39.43356,-112.6902,USGS,Western Utah,10,2.0,524.318,497.98966666666666,235.8343,2.1116082627113117,1.6563461805860722
2013,USGS.392601112412201,22.76,6.937248,39.43356,-112.6902,USGS,Western Utah,10,2.0,492.153,497.98966666666666,235.8343,2.1116082627113117,1.6563461805860722
2014,USGS.392601112412201,23.94,7.296912,39.43356,-112.6902,USGS,Western Utah,10,2.0,507.544,497.98966666666666,235.8343,2.1116082627113117,1.6563461805860722
2015,USGS.392601112412201,26.34,8.028432,39.43356,-112.6902,USGS,Western Utah,10,2.0,491.942,497.98966666666666,235.8343,2.1116082627113117,1.6563461805860722
2016,USGS.392601112412201,28.09,8.561832,39.43356,-112.6902,USGS,Western Utah,10,2.0,501.26,497.98966666666666,235.8343,2.1116082627113117,1.6563461805860722
2017,USGS.392601112412201,30.14,9.186672,39.43356,-112.6902,USGS,Western Utah,10,2.0,528.734,497.98966666666666,235.8343,2.1116082627113117,1.6563461805860722
2018,USGS.392601112412201,30.17,9.195816,39.43356,-112.6902,USGS,Western Utah,10,2.0,456.538,497.98966666666666,235.8343,2.1116082627113117,1.6563461805860722
2019,USGS.392601112412201,31.8,9.69264,39.43356,-112.6902,USGS,Western Utah,10,2.0,531.968,497.98966666666666,235.8343,2.1116082627113117,1.6563461805860722
2020,USGS.392601112412201,31.53,9.610344,39.43356,-112.6902,USGS,Western Utah,10,2.1,451.493,497.98966666666666,235.8343,2.1116082627113117,1.6563461805860722
2000,USGS.400932101404101,66.285,20.203668,40.15888,-101.6785,USGS,Central Nebraska,10,2.0,603.71,641.9857142857143,520.73975,1.232834096305251,1.8808278771424614
2001,USGS.400932101404101,68.915,21.005292,40.15888,-101.6785,USGS,Central Nebraska,10,2.0,643.724,641.9857142857143,520.73975,1.232834096305251,1.8808278771424614
2002,USGS.400932101404101,80.88,24.652224,40.15888,-101.6785,USGS,Central Nebraska,10,2.0,606.485,641.9857142857143,520.73975,1.232834096305251,1.8808278771424614
2003,USGS.400932101404101,84.02,25.609296,40.15888,-101.6785,USGS,Central Nebraska,10,2.0,615.438,641.9857142857143,520.73975,1.232834096305251,1.8808278771424614
2004,USGS.400932101404101,86.67,26.417016,40.15888,-101.6785,USGS,Central Nebraska,10,2.0,645.139,641.9857142857143,520.73975,1.232834096305251,1.8808278771424614
2005,USGS.400932101404101,87.96,26.810208,40.15888,-101.6785,USGS,Central Nebraska,10,2.0,711.959,641.9857142857143,520.73975,1.232834096305251,1.8808278771424614
2006,USGS.400932101404101,92.54,28.206192,40.15888,-101.6785,USGS,Central Nebraska,10,2.0,613.036,641.9857142857143,520.73975,1.232834096305251,1.8808278771424614
2007,USGS.400932101404101,91.085,27.762708,40.15888,-101.6785,USGS,Central Nebraska,10,2.0,621.115,641.9857142857143,520.73975,1.232834096305251,1.8808278771424614
2008,USGS.400932101404101,93.77,28.581096,40.15888,-101.6785,USGS,Central Nebraska,10,2.0,605.72,641.9857142857143,520.73975,1.232834096305251,1.8808278771424614
2009,USGS.400932101404101,93.92,28.626816,40.15888,-101.6785,USGS,Central Nebraska,10,2.0,603.443,641.9857142857143,520.73975,1.232834096305251,1.8808278771424614
2010,USGS.400932101404101,94.055,28.667964,40.15888,-101.6785,USGS,Central Nebraska,10,2.0,645.873,641.9857142857143,520.73975,1.232834096305251,1.8808278771424614
2011,USGS.400932101404101,95.275,29.03982,40.15888,-101.6785,USGS,Central Nebraska,10,2.0,655.682,641.9857142857143,520.73975,1.232834096305251,1.8808278771424614
2012,USGS.400932101404101,95.395,29.076396,40.15888,-101.6785,USGS,Central Nebraska,10,2.0,587.407,641.9857142857143,520.73975,1.232834096305251,1.8808278771424614
2013,USGS.400932101404101,96.86,29.522928,40.15888,-101.6785,USGS,Central Nebraska,10,2.0,617.166,641.9857142857143,520.73975,1.232834096305251,1.8808278771424614
2014,USGS.400932101404101,98.82,30.120336,40.15888,-101.6785,USGS,Central Nebraska,10,2.0,639.849,641.9857142857143,520.73975,1.232834096305251,1.8808278771424614
2015,USGS.400932101404101,99.915,30.454092,40.15888,-101.6785,USGS,Central Nebraska,10,2.0,715.105,641.9857142857143,520.73975,1.232834096305251,1.8808278771424614
2016,USGS.400932101404101,101.565,30.957012,40.15888,-101.6785,USGS,Central Nebraska,10,2.0,706.817,641.9857142857143,520.73975,1.232834096305251,1.8808278771424614
2017,USGS.400932101404101,101.33,30.885384,40.15888,-101.6785,USGS,Central Nebraska,10,2.0,669.791,641.9857142857143,520.73975,1.232834096305251,1.8808278771424614
2018,USGS.400932101404101,101.38,30.900624,40.15888,-101.6785,USGS,Central Nebraska,10,2.0,710.432,641.9857142857143,520.73975,1.232834096305251,1.8808278771424614
2019,USGS.400932101404101,104.02,31.705296,40.15888,-101.6785,USGS,Central Nebraska,10,2.0,593.455,641.9857142857143,520.73975,1.232834096305251,1.8808278771424614
2020,USGS.400932101404101,103.755,31.624524,40.15888,-101.6785,USGS,Central Nebraska,10,2.1,670.354,641.9857142857143,520.73975,1.232834096305251,1.8808278771424614
2000,USGS.402103099402900,103.255,31.472124,40.35123,-99.67398,USGS,Central Nebraska,10,2.0,613.931,682.8909047619048,691.67694,0.987297485811218,1.8664378191645552
2001,USGS.402103099402900,104.985,31.999428,40.35123,-99.67398,USGS,Central Nebraska,10,2.0,703.671,682.8909047619048,691.67694,0.987297485811218,1.8664378191645552
2002,USGS.402103099402900,105.615,32.191452,40.35123,-99.67398,USGS,Central Nebraska,10,2.0,608.095,682.8909047619048,691.67694,0.987297485811218,1.8664378191645552
2003,USGS.402103099402900,108.295,33.008316,40.35123,-99.67398,USGS,Central Nebraska,10,2.0,678.949,682.8909047619048,691.67694,0.987297485811218,1.8664378191645552
2004,USGS.402103099402900,110.31,33.622488,40.35123,-99.67398,USGS,Central Nebraska,10,2.0,631.716,682.8909047619048,691.67694,0.987297485811218,1.8664378191645552
2005,USGS.402103099402900,112.725,34.35858,40.35123,-99.67398,USGS,Central Nebraska,10,2.0,741.708,682.8909047619048,691.67694,0.987297485811218,1.8664378191645552
2006,USGS.402103099402900,113.355,34.550604,40.35123,-99.67398,USGS,Central Nebraska,10,2.0,654.873,682.8909047619048,691.67694,0.987297485811218,1.8664378191645552
2007,USGS.402103099402900,114.305,34.840164,40.35123,-99.67398,USGS,Central Nebraska,10,2.0,765.713,682.8909047619048,691.67694,0.987297485811218,1.8664378191645552
2008,USGS.402103099402900,113.695,34.654236,40.35123,-99.67398,USGS,Central Nebraska,10,2.0,654.368,682.8909047619048,691.67694,0.987297485811218,1.8664378191645552
2009,USGS.402103099402900,112.81,34.384488,40.35123,-99.67398,USGS,Central Nebraska,10,2.0,672.977,682.8909047619048,691.67694,0.987297485811218,1.8664378191645552
2010,USGS.402103099402900,112.34,34.241232,40.35123,-99.67398,USGS,Central Nebraska,10,2.0,700.198,682.8909047619048,691.67694,0.987297485811218,1.8664378191645552
2011,USGS.402103099402900,112.285,34.224468,40.35123,-99.67398,USGS,Central Nebraska,10,2.0,719.504,682.8909047619048,691.67694,0.987297485811218,1.8664378191645552
2012,USGS.402103099402900,110.95,33.81756,40.35123,-99.67398,USGS,Central Nebraska,10,2.0,671.938,682.8909047619048,691.67694,0.987297485811218,1.8664378191645552
2013,USGS.402103099402900,113.62,34.631376,40.35123,-99.67398,USGS,Central Nebraska,10,2.0,598.929,682.8909047619048,691.67694,0.987297485811218,1.8664378191645552
2014,USGS.402103099402900,115.185,35.108388,40.35123,-99.67398,USGS,Central Nebraska,10,2.0,663.955,682.8909047619048,691.67694,0.987297485811218,1.8664378191645552
2015,USGS.402103099402900,114.405,34.870644,40.35123,-99.67398,USGS,Central Nebraska,10,2.0,722.49,682.8909047619048,691.67694,0.987297485811218,1.8664378191645552
2016,USGS.402103099402900,114.25,34.8234,40.35123,-99.67398,USGS,Central Nebraska,10,2.0,723.493,682.8909047619048,691.67694,0.987297485811218,1.8664378191645552
2017,USGS.402103099402900,114.91,35.024568,40.35123,-99.67398,USGS,Central Nebraska,10,2.0,728.574,682.8909047619048,691.67694,0.987297485811218,1.8664378191645552
2018,USGS.402103099402900,114.625,34.9377,40.35123,-99.67398,USGS,Central Nebraska,10,2.0,687.189,682.8909047619048,691.67694,0.987297485811218,1.8664378191645552
2019,USGS.402103099402900,114.99,35.048952,40.35123,-99.67398,USGS,Central Nebraska,10,2.0,688.88,682.8909047619048,691.67694,0.987297485811218,1.8664378191645552
2020,USGS.402103099402900,113.265,34.523172,40.35123,-99.67398,USGS,Central Nebraska,10,2.1,709.558,682.8909047619048,691.67694,0.987297485811218,1.8664378191645552
2000,USGS.402408099584800,94.48,28.797504,40.402,-99.98177,USGS,Central Nebraska,10,2.0,547.419,646.4326666666666,653.795,0.988739105628008,1.8868216888409728
2001,USGS.402408099584800,93.975,28.64358,40.402,-99.98177,USGS,Central Nebraska,10,2.0,664.929,646.4326666666666,653.795,0.988739105628008,1.8868216888409728
2002,USGS.402408099584800,95.94,29.242512,40.402,-99.98177,USGS,Central Nebraska,10,2.0,490.209,646.4326666666666,653.795,0.988739105628008,1.8868216888409728
2003,USGS.402408099584800,99.715,30.393132,40.402,-99.98177,USGS,Central Nebraska,10,2.0,625.192,646.4326666666666,653.795,0.988739105628008,1.8868216888409728
2004,USGS.402408099584800,102.345,31.194756,40.402,-99.98177,USGS,Central Nebraska,10,2.0,583.381,646.4326666666666,653.795,0.988739105628008,1.8868216888409728
2005,USGS.402408099584800,100.71,30.696408,40.402,-99.98177,USGS,Central Nebraska,10,2.0,703.971,646.4326666666666,653.795,0.988739105628008,1.8868216888409728
2006,USGS.402408099584800,100.315,30.576012,40.402,-99.98177,USGS,Central Nebraska,10,2.0,603.829,646.4326666666666,653.795,0.988739105628008,1.8868216888409728
2007,USGS.402408099584800,99.64,30.370272,40.402,-99.98177,USGS,Central Nebraska,10,2.0,725.828,646.4326666666666,653.795,0.988739105628008,1.8868216888409728
2008,USGS.402408099584800,97.21,29.629608,40.402,-99.98177,USGS,Central Nebraska,10,2.0,647.631,646.4326666666666,653.795,0.988739105628008,1.8868216888409728
2009,USGS.402408099584800,97.35,29.67228,40.402,-99.98177,USGS,Central Nebraska,10,2.0,661.618,646.4326666666666,653.795,0.988739105628008,1.8868216888409728
2010,USGS.402408099584800,96.41,29.385768,40.402,-99.98177,USGS,Central Nebraska,10,2.0,655.188,646.4326666666666,653.795,0.988739105628008,1.8868216888409728
2011,USGS.402408099584800,96.385,29.378148,40.402,-99.98177,USGS,Central Nebraska,10,2.0,674.717,646.4326666666666,653.795,0.988739105628008,1.8868216888409728
2012,USGS.402408099584800,96.26,29.340048,40.402,-99.98177,USGS,Central Nebraska,10,2.0,621.937,646.4326666666666,653.795,0.988739105628008,1.8868216888409728
2013,USGS.402408099584800,99.045,30.188916,40.402,-99.98177,USGS,Central Nebraska,10,2.0,572.674,646.4326666666666,653.795,0.988739105628008,1.8868216888409728
2014,USGS.402408099584800,99.445,30.310836,40.402,-99.98177,USGS,Central Nebraska,10,2.0,695.411,646.4326666666666,653.795,0.988739105628008,1.8868216888409728
2015,USGS.402408099584800,100.615,30.667452,40.402,-99.98177,USGS,Central Nebraska,10,2.0,707.983,646.4326666666666,653.795,0.988739105628008,1.8868216888409728
2016,USGS.402408099584800,98.865,30.134052,40.402,-99.98177,USGS,Central Nebraska,10,2.0,697.581,646.4326666666666,653.795,0.988739105628008,1.8868216888409728
2017,USGS.402408099584800,99.1,30.20568,40.402,-99.98177,USGS,Central Nebraska,10,2.0,635.627,646.4326666666666,653.795,0.988739105628008,1.8868216888409728
2018,USGS.402408099584800,97.615,29.753052,40.402,-99.98177,USGS,Central Nebraska,10,2.0,686.6,646.4326666666666,653.795,0.988739105628008,1.8868216888409728
2019,USGS.402408099584800,96.26,29.340048,40.402,-99.98177,USGS,Central Nebraska,10,2.0,662.26,646.4326666666666,653.795,0.988739105628008,1.8868216888409728
2020,USGS.402408099584800,94.49,28.800552,40.402,-99.98177,USGS,Central Nebraska,10,2.1,711.101,646.4326666666666,653.795,0.988739105628008,1.8868216888409728
2000,USGS.403235101395501,96.21916667,29.327602,40.54472,-101.6668,USGS,Central Nebraska,10,2.0,656.521,692.4698095238095,544.55493,1.2716252654944271,1.9108582719701248
2001,USGS.403235101395501,98.28583333,29.957522,40.54472,-101.6668,USGS,Central Nebraska,10,2.0,700.888,692.4698095238095,544.55493,1.2716252654944271,1.9108582719701248
2002,USGS.403235101395501,100.3458333,30.58540999,40.54472,-101.6668,USGS,Central Nebraska,10,2.0,650.271,692.4698095238095,544.55493,1.2716252654944271,1.9108582719701248
2003,USGS.403235101395501,103.1092308,31.42769355,40.54472,-101.6668,USGS,Central Nebraska,10,2.0,701.224,692.4698095238095,544.55493,1.2716252654944271,1.9108582719701248
2004,USGS.403235101395501,104.4171429,31.82634516,40.54472,-101.6668,USGS,Central Nebraska,10,2.0,661.707,692.4698095238095,544.55493,1.2716252654944271,1.9108582719701248
2005,USGS.403235101395501,106.37625,32.423481,40.54472,-101.6668,USGS,Central Nebraska,10,2.0,756.577,692.4698095238095,544.55493,1.2716252654944271,1.9108582719701248
2006,USGS.403235101395501,109.0017391,33.22373008,40.54472,-101.6668,USGS,Central Nebraska,10,2.0,698.481,692.4698095238095,544.55493,1.2716252654944271,1.9108582719701248
2007,USGS.403235101395501,110.1083333,33.56101999,40.54472,-101.6668,USGS,Central Nebraska,10,2.0,676.501,692.4698095238095,544.55493,1.2716252654944271,1.9108582719701248
2008,USGS.403235101395501,110.7314286,33.75093944,40.54472,-101.6668,USGS,Central Nebraska,10,2.0,674.182,692.4698095238095,544.55493,1.2716252654944271,1.9108582719701248
2009,USGS.403235101395501,110.4091667,33.65271401,40.54472,-101.6668,USGS,Central Nebraska,10,2.0,679.341,692.4698095238095,544.55493,1.2716252654944271,1.9108582719701248
2010,USGS.403235101395501,109.0633333,33.24250399,40.54472,-101.6668,USGS,Central Nebraska,10,2.0,693.486,692.4698095238095,544.55493,1.2716252654944271,1.9108582719701248
2011,USGS.403235101395501,106.5258824,32.46908896,40.54472,-101.6668,USGS,Central Nebraska,10,2.0,632.434,692.4698095238095,544.55493,1.2716252654944271,1.9108582719701248
2012,USGS.403235101395501,106.2584615,32.38757907,40.54472,-101.6668,USGS,Central Nebraska,10,2.0,695.56,692.4698095238095,544.55493,1.2716252654944271,1.9108582719701248
2013,USGS.403235101395501,107.5061538,32.76787568,40.54472,-101.6668,USGS,Central Nebraska,10,2.0,681.158,692.4698095238095,544.55493,1.2716252654944271,1.9108582719701248
2014,USGS.403235101395501,108.6415385,33.11394093,40.54472,-101.6668,USGS,Central Nebraska,10,2.0,719.765,692.4698095238095,544.55493,1.2716252654944271,1.9108582719701248
2015,USGS.403235101395501,109.8076923,33.46938461,40.54472,-101.6668,USGS,Central Nebraska,10,2.0,710.463,692.4698095238095,544.55493,1.2716252654944271,1.9108582719701248
2016,USGS.403235101395501,110.7441667,33.75482201,40.54472,-101.6668,USGS,Central Nebraska,10,2.0,744.33,692.4698095238095,544.55493,1.2716252654944271,1.9108582719701248
2017,USGS.403235101395501,111.148,33.8779104,40.54472,-101.6668,USGS,Central Nebraska,10,2.0,703.535,692.4698095238095,544.55493,1.2716252654944271,1.9108582719701248
2018,USGS.403235101395501,112.28,34.222944,40.54472,-101.6668,USGS,Central Nebraska,10,2.0,744.304,692.4698095238095,544.55493,1.2716252654944271,1.9108582719701248
2019,USGS.403235101395501,112.16,34.186368,40.54472,-101.6668,USGS,Central Nebraska,10,2.0,650.882,692.4698095238095,544.55493,1.2716252654944271,1.9108582719701248
2020,USGS.403235101395501,113.3425,34.546794,40.54472,-101.6668,USGS,Central Nebraska,10,2.1,710.256,692.4698095238095,544.55493,1.2716252654944271,1.9108582719701248
2000,USGS.403949098182201,109.15,33.26892,40.66362,-98.30645,USGS,Central Nebraska,10,2.0,702.454,713.7182857142858,765.20874,0.93271057711087,1.8240872586062349
2001,USGS.403949098182201,107.32,32.711136,40.66362,-98.30645,USGS,Central Nebraska,10,2.0,666.344,713.7182857142858,765.20874,0.93271057711087,1.8240872586062349
2002,USGS.403949098182201,107.72,32.833056,40.66362,-98.30645,USGS,Central Nebraska,10,2.0,734.566,713.7182857142858,765.20874,0.93271057711087,1.8240872586062349
2003,USGS.403949098182201,110.39,33.646872,40.66362,-98.30645,USGS,Central Nebraska,10,2.0,704.548,713.7182857142858,765.20874,0.93271057711087,1.8240872586062349
2004,USGS.403949098182201,112.55,34.30524,40.66362,-98.30645,USGS,Central Nebraska,10,2.0,663.194,713.7182857142858,765.20874,0.93271057711087,1.8240872586062349
2005,USGS.403949098182201,115.31,35.146488,40.66362,-98.30645,USGS,Central Nebraska,10,2.0,708.788,713.7182857142858,765.20874,0.93271057711087,1.8240872586062349
2006,USGS.403949098182201,115.62,35.240976,40.66362,-98.30645,USGS,Central Nebraska,10,2.0,716.371,713.7182857142858,765.20874,0.93271057711087,1.8240872586062349
2007,USGS.403949098182201,117.85,35.92068,40.66362,-98.30645,USGS,Central Nebraska,10,2.0,737.33,713.7182857142858,765.20874,0.93271057711087,1.8240872586062349
2008,USGS.403949098182201,118.18,36.021264,40.66362,-98.30645,USGS,Central Nebraska,10,2.0,717.72,713.7182857142858,765.20874,0.93271057711087,1.8240872586062349
2009,USGS.403949098182201,116.6,35.53968,40.66362,-98.30645,USGS,Central Nebraska,10,2.0,637.102,713.7182857142858,765.20874,0.93271057711087,1.8240872586062349
2010,USGS.403949098182201,116.18,35.411664,40.66362,-98.30645,USGS,Central Nebraska,10,2.0,698.352,713.7182857142858,765.20874,0.93271057711087,1.8240872586062349
2011,USGS.403949098182201,116.2,35.41776,40.66362,-98.30645,USGS,Central Nebraska,10,2.0,734.144,713.7182857142858,765.20874,0.93271057711087,1.8240872586062349
2012,USGS.403949098182201,115.9,35.32632,40.66362,-98.30645,USGS,Central Nebraska,10,2.0,772.317,713.7182857142858,765.20874,0.93271057711087,1.8240872586062349
2013,USGS.403949098182201,118.04,35.978592,40.66362,-98.30645,USGS,Central Nebraska,10,2.0,720.386,713.7182857142858,765.20874,0.93271057711087,1.8240872586062349
2014,USGS.403949098182201,119.6,36.45408,40.66362,-98.30645,USGS,Central Nebraska,10,2.0,699.727,713.7182857142858,765.20874,0.93271057711087,1.8240872586062349
2015,USGS.403949098182201,119.82,36.521136,40.66362,-98.30645,USGS,Central Nebraska,10,2.0,702.84,713.7182857142858,765.20874,0.93271057711087,1.8240872586062349
2016,USGS.403949098182201,119.56,36.441888,40.66362,-98.30645,USGS,Central Nebraska,10,2.0,760.289,713.7182857142858,765.20874,0.93271057711087,1.8240872586062349
2017,USGS.403949098182201,120.01,36.579048,40.66362,-98.30645,USGS,Central Nebraska,10,2.0,726.793,713.7182857142858,765.20874,0.93271057711087,1.8240872586062349
2018,USGS.403949098182201,119.76,36.502848,40.66362,-98.30645,USGS,Central Nebraska,10,2.0,720.642,713.7182857142858,765.20874,0.93271057711087,1.8240872586062349
2019,USGS.403949098182201,119.57,36.444936,40.66362,-98.30645,USGS,Central Nebraska,10,2.0,698.634,713.7182857142858,765.20874,0.93271057711087,1.8240872586062349
2020,USGS.403949098182201,117.87,35.926776,40.66362,-98.30645,USGS,Central Nebraska,10,2.1,765.543,713.7182857142858,765.20874,0.93271057711087,1.8240872586062349
2000,USGS.412603099492001,198.815,60.598812,41.43417,-99.82262,USGS,Central Nebraska,10,2.0,634.007,693.909380952381,697.9368,0.994229495427398,1.8592216448658798
2001,USGS.412603099492001,200.45,61.09716,41.43417,-99.82262,USGS,Central Nebraska,10,2.0,667.619,693.909380952381,697.9368,0.994229495427398,1.8592216448658798
2002,USGS.412603099492001,201.185,61.321188,41.43417,-99.82262,USGS,Central Nebraska,10,2.0,570.845,693.909380952381,697.9368,0.994229495427398,1.8592216448658798
2003,USGS.412603099492001,203.41,61.999368,41.43417,-99.82262,USGS,Central Nebraska,10,2.0,663.074,693.909380952381,697.9368,0.994229495427398,1.8592216448658798
2004,USGS.412603099492001,205.74,62.709552,41.43417,-99.82262,USGS,Central Nebraska,10,2.0,632.021,693.909380952381,697.9368,0.994229495427398,1.8592216448658798
2005,USGS.412603099492001,208.115,63.433452,41.43417,-99.82262,USGS,Central Nebraska,10,2.0,704.617,693.909380952381,697.9368,0.994229495427398,1.8592216448658798
2006,USGS.412603099492001,208.125,63.4365,41.43417,-99.82262,USGS,Central Nebraska,10,2.0,610.699,693.909380952381,697.9368,0.994229495427398,1.8592216448658798
2007,USGS.412603099492001,211.36,64.422528,41.43417,-99.82262,USGS,Central Nebraska,10,2.0,727.821,693.909380952381,697.9368,0.994229495427398,1.8592216448658798
2008,USGS.412603099492001,208.72,63.617856,41.43417,-99.82262,USGS,Central Nebraska,10,2.0,683.96,693.909380952381,697.9368,0.994229495427398,1.8592216448658798
2009,USGS.412603099492001,208.095,63.427356,41.43417,-99.82262,USGS,Central Nebraska,10,2.0,684.238,693.909380952381,697.9368,0.994229495427398,1.8592216448658798
2010,USGS.412603099492001,204.925,62.46114,41.43417,-99.82262,USGS,Central Nebraska,10,2.0,704.136,693.909380952381,697.9368,0.994229495427398,1.8592216448658798
2011,USGS.412603099492001,202.175,61.62294,41.43417,-99.82262,USGS,Central Nebraska,10,2.0,741.38,693.909380952381,697.9368,0.994229495427398,1.8592216448658798
2012,USGS.412603099492001,201.925,61.54674,41.43417,-99.82262,USGS,Central Nebraska,10,2.0,665.634,693.909380952381,697.9368,0.994229495427398,1.8592216448658798
2013,USGS.412603099492001,207.84,63.349632,41.43417,-99.82262,USGS,Central Nebraska,10,2.0,743.609,693.909380952381,697.9368,0.994229495427398,1.8592216448658798
2014,USGS.412603099492001,207.325,63.19266,41.43417,-99.82262,USGS,Central Nebraska,10,2.0,716.875,693.909380952381,697.9368,0.994229495427398,1.8592216448658798
2015,USGS.412603099492001,207.025,63.10122,41.43417,-99.82262,USGS,Central Nebraska,10,2.0,741.781,693.909380952381,697.9368,0.994229495427398,1.8592216448658798
2016,USGS.412603099492001,208.45,63.53556,41.43417,-99.82262,USGS,Central Nebraska,10,2.0,760.113,693.909380952381,697.9368,0.994229495427398,1.8592216448658798
2017,USGS.412603099492001,208.25,63.4746,41.43417,-99.82262,USGS,Central Nebraska,10,2.0,706.876,693.909380952381,697.9368,0.994229495427398,1.8592216448658798
2018,USGS.412603099492001,206.675,62.99454,41.43417,-99.82262,USGS,Central Nebraska,10,2.0,748.043,693.909380952381,697.9368,0.994229495427398,1.8592216448658798
2019,USGS.412603099492001,204.9,62.45352,41.43417,-99.82262,USGS,Central Nebraska,10,2.0,702.416,693.909380952381,697.9368,0.994229495427398,1.8592216448658798
2020,USGS.412603099492001,199.18,60.710064,41.43417,-99.82262,USGS,Central Nebraska,10,2.1,762.333,693.909380952381,697.9368,0.994229495427398,1.8592216448658798
2000,USGS.415754112551301,195.87,59.701176,41.96492,-112.9211,USGS,Southern Idaho,10,2.0,493.185,496.26671428571433,325.9972,1.522303645188936,1.5816141945230064
2001,USGS.415754112551301,201.76,61.496448,41.96492,-112.9211,USGS,Southern Idaho,10,2.0,480.893,496.26671428571433,325.9972,1.522303645188936,1.5816141945230064
2002,USGS.415754112551301,194.08,59.155584,41.96492,-112.9211,USGS,Southern Idaho,10,2.0,495.085,496.26671428571433,325.9972,1.522303645188936,1.5816141945230064
2003,USGS.415754112551301,194.86,59.393328,41.96492,-112.9211,USGS,Southern Idaho,10,2.0,496.353,496.26671428571433,325.9972,1.522303645188936,1.5816141945230064
2004,USGS.415754112551301,189.12,57.643776,41.96492,-112.9211,USGS,Southern Idaho,10,2.0,450.318,496.26671428571433,325.9972,1.522303645188936,1.5816141945230064
2005,USGS.415754112551301,198.19,60.408312,41.96492,-112.9211,USGS,Southern Idaho,10,2.0,555.836,496.26671428571433,325.9972,1.522303645188936,1.5816141945230064
2006,USGS.415754112551301,198.0,60.3504,41.96492,-112.9211,USGS,Southern Idaho,10,2.0,490.2,496.26671428571433,325.9972,1.522303645188936,1.5816141945230064
2007,USGS.415754112551301,183.27,55.860696,41.96492,-112.9211,USGS,Southern Idaho,10,2.0,417.617,496.26671428571433,325.9972,1.522303645188936,1.5816141945230064
2008,USGS.415754112551301,184.42,56.211216,41.96492,-112.9211,USGS,Southern Idaho,10,2.0,415.549,496.26671428571433,325.9972,1.522303645188936,1.5816141945230064
2009,USGS.415754112551301,186.38,56.808624,41.96492,-112.9211,USGS,Southern Idaho,10,2.0,496.585,496.26671428571433,325.9972,1.522303645188936,1.5816141945230064
2010,USGS.415754112551301,186.67,56.897016,41.96492,-112.9211,USGS,Southern Idaho,10,2.0,483.988,496.26671428571433,325.9972,1.522303645188936,1.5816141945230064
2011,USGS.415754112551301,188.46,57.442608,41.96492,-112.9211,USGS,Southern Idaho,10,2.0,562.936,496.26671428571433,325.9972,1.522303645188936,1.5816141945230064
2012,USGS.415754112551301,188.67,57.506616,41.96492,-112.9211,USGS,Southern Idaho,10,2.0,484.944,496.26671428571433,325.9972,1.522303645188936,1.5816141945230064
2013,USGS.415754112551301,195.23,59.506104,41.96492,-112.9211,USGS,Southern Idaho,10,2.0,481.184,496.26671428571433,325.9972,1.522303645188936,1.5816141945230064
2014,USGS.415754112551301,222.43,67.796664,41.96492,-112.9211,USGS,Southern Idaho,10,2.0,515.829,496.26671428571433,325.9972,1.522303645188936,1.5816141945230064
2015,USGS.415754112551301,211.43,64.443864,41.96492,-112.9211,USGS,Southern Idaho,10,2.0,517.792,496.26671428571433,325.9972,1.522303645188936,1.5816141945230064
2016,USGS.415754112551301,196.41,59.865768,41.96492,-112.9211,USGS,Southern Idaho,10,2.0,566.574,496.26671428571433,325.9972,1.522303645188936,1.5816141945230064
2017,USGS.415754112551301,190.12,57.948576,41.96492,-112.9211,USGS,Southern Idaho,10,2.0,490.241,496.26671428571433,325.9972,1.522303645188936,1.5816141945230064
2018,USGS.415754112551301,187.61,57.183528,41.96492,-112.9211,USGS,Southern Idaho,10,2.0,505.897,496.26671428571433,325.9972,1.522303645188936,1.5816141945230064
2019,USGS.415754112551301,191.09,58.244232,41.96492,-112.9211,USGS,Southern Idaho,10,2.0,506.674,496.26671428571433,325.9972,1.522303645188936,1.5816141945230064
2020,USGS.415754112551301,202.34,61.673232,41.96492,-112.9211,USGS,Southern Idaho,10,2.1,513.921,496.26671428571433,325.9972,1.522303645188936,1.5816141945230064
2000,USGS.433218112191601,581.682,177.2966736,43.53824,-112.3219,USGS,Southern Idaho,10,2.0,516.012,514.9667619047619,298.14575,1.7272315923713912,1.5554315908049297
2001,USGS.433218112191601,582.6075,177.578766,43.53824,-112.3219,USGS,Southern Idaho,10,2.0,444.271,514.9667619047619,298.14575,1.7272315923713912,1.5554315908049297
2002,USGS.433218112191601,586.7775,178.849782,43.53824,-112.3219,USGS,Southern Idaho,10,2.0,505.182,514.9667619047619,298.14575,1.7272315923713912,1.5554315908049297
2003,USGS.433218112191601,590.0025,179.832762,43.53824,-112.3219,USGS,Southern Idaho,10,2.0,521.452,514.9667619047619,298.14575,1.7272315923713912,1.5554315908049297
2004,USGS.433218112191601,592.18,180.496464,43.53824,-112.3219,USGS,Southern Idaho,10,2.0,493.825,514.9667619047619,298.14575,1.7272315923713912,1.5554315908049297
2005,USGS.433218112191601,591.94,180.423312,43.53824,-112.3219,USGS,Southern Idaho,10,2.0,505.015,514.9667619047619,298.14575,1.7272315923713912,1.5554315908049297
2006,USGS.433218112191601,590.7675,180.065934,43.53824,-112.3219,USGS,Southern Idaho,10,2.0,518.192,514.9667619047619,298.14575,1.7272315923713912,1.5554315908049297
2007,USGS.433218112191601,589.935,179.812188,43.53824,-112.3219,USGS,Southern Idaho,10,2.0,513.364,514.9667619047619,298.14575,1.7272315923713912,1.5554315908049297
2008,USGS.433218112191601,591.225,180.20538,43.53824,-112.3219,USGS,Southern Idaho,10,2.0,445.038,514.9667619047619,298.14575,1.7272315923713912,1.5554315908049297
2009,USGS.433218112191601,592.4425,180.576474,43.53824,-112.3219,USGS,Southern Idaho,10,2.0,505.33,514.9667619047619,298.14575,1.7272315923713912,1.5554315908049297
2010,USGS.433218112191601,591.9475,180.425598,43.53824,-112.3219,USGS,Southern Idaho,10,2.0,501.434,514.9667619047619,298.14575,1.7272315923713912,1.5554315908049297
2011,USGS.433218112191601,591.5075,180.291486,43.53824,-112.3219,USGS,Southern Idaho,10,2.0,518.448,514.9667619047619,298.14575,1.7272315923713912,1.5554315908049297
2012,USGS.433218112191601,591.4875,180.28539,43.53824,-112.3219,USGS,Southern Idaho,10,2.0,500.988,514.9667619047619,298.14575,1.7272315923713912,1.5554315908049297
2013,USGS.433218112191601,592.0425,180.454554,43.53824,-112.3219,USGS,Southern Idaho,10,2.0,499.373,514.9667619047619,298.14575,1.7272315923713912,1.5554315908049297
2014,USGS.433218112191601,593.6225,180.936138,43.53824,-112.3219,USGS,Southern Idaho,10,2.0,537.991,514.9667619047619,298.14575,1.7272315923713912,1.5554315908049297
2015,USGS.433218112191601,593.775,180.98262,43.53824,-112.3219,USGS,Southern Idaho,10,2.0,507.734,514.9667619047619,298.14575,1.7272315923713912,1.5554315908049297
2016,USGS.433218112191601,594.805,181.296564,43.53824,-112.3219,USGS,Southern Idaho,10,2.0,535.099,514.9667619047619,298.14575,1.7272315923713912,1.5554315908049297
2017,USGS.433218112191601,594.905,181.327044,43.53824,-112.3219,USGS,Southern Idaho,10,2.0,539.35,514.9667619047619,298.14575,1.7272315923713912,1.5554315908049297
2018,USGS.433218112191601,593.96,181.039008,43.53824,-112.3219,USGS,Southern Idaho,10,2.0,579.272,514.9667619047619,298.14575,1.7272315923713912,1.5554315908049297
2019,USGS.433218112191601,593.7625,180.97881,43.53824,-112.3219,USGS,Southern Idaho,10,2.0,560.61,514.9667619047619,298.14575,1.7272315923713912,1.5554315908049297
2020,USGS.433218112191601,594.045,181.064916,43.53824,-112.3219,USGS,Southern Idaho,10,2.1,566.322,514.9667619047619,298.14575,1.7272315923713912,1.5554315908049297
2000,USGS.434102112180701,412.02,125.583696,43.68389,-112.3028,USGS,Southern Idaho,10,2.0,493.058,471.6865238095238,292.83173,1.6107767082927824,1.4820937482770955
2001,USGS.434102112180701,412.8657143,125.8414697,43.68389,-112.3028,USGS,Southern Idaho,10,2.0,377.46,471.6865238095238,292.83173,1.6107767082927824,1.4820937482770955
2002,USGS.434102112180701,417.9014286,127.3763554,43.68389,-112.3028,USGS,Southern Idaho,10,2.0,446.76,471.6865238095238,292.83173,1.6107767082927824,1.4820937482770955
2003,USGS.434102112180701,421.4628571,128.4618788,43.68389,-112.3028,USGS,Southern Idaho,10,2.0,483.977,471.6865238095238,292.83173,1.6107767082927824,1.4820937482770955
2004,USGS.434102112180701,424.67,129.439416,43.68389,-112.3028,USGS,Southern Idaho,10,2.0,470.323,471.6865238095238,292.83173,1.6107767082927824,1.4820937482770955
2005,USGS.434102112180701,424.765,129.468372,43.68389,-112.3028,USGS,Southern Idaho,10,2.0,471.654,471.6865238095238,292.83173,1.6107767082927824,1.4820937482770955
2006,USGS.434102112180701,424.0483333,129.249932,43.68389,-112.3028,USGS,Southern Idaho,10,2.0,505.007,471.6865238095238,292.83173,1.6107767082927824,1.4820937482770955
2007,USGS.434102112180701,421.4271429,128.4509932,43.68389,-112.3028,USGS,Southern Idaho,10,2.0,460.493,471.6865238095238,292.83173,1.6107767082927824,1.4820937482770955
2008,USGS.434102112180701,425.52,129.698496,43.68389,-112.3028,USGS,Southern Idaho,10,2.0,397.156,471.6865238095238,292.83173,1.6107767082927824,1.4820937482770955
2009,USGS.434102112180701,426.41,129.969768,43.68389,-112.3028,USGS,Southern Idaho,10,2.0,503.348,471.6865238095238,292.83173,1.6107767082927824,1.4820937482770955
2010,USGS.434102112180701,423.7766667,129.167128,43.68389,-112.3028,USGS,Southern Idaho,10,2.0,470.771,471.6865238095238,292.83173,1.6107767082927824,1.4820937482770955
2011,USGS.434102112180701,423.7628571,129.1629188,43.68389,-112.3028,USGS,Southern Idaho,10,2.0,475.466,471.6865238095238,292.83173,1.6107767082927824,1.4820937482770955
2012,USGS.434102112180701,423.9057143,129.2064617,43.68389,-112.3028,USGS,Southern Idaho,10,2.0,410.961,471.6865238095238,292.83173,1.6107767082927824,1.4820937482770955
2013,USGS.434102112180701,423.7,129.14376,43.68389,-112.3028,USGS,Southern Idaho,10,2.0,431.701,471.6865238095238,292.83173,1.6107767082927824,1.4820937482770955
2014,USGS.434102112180701,427.3485714,130.2558446,43.68389,-112.3028,USGS,Southern Idaho,10,2.0,494.092,471.6865238095238,292.83173,1.6107767082927824,1.4820937482770955
2015,USGS.434102112180701,427.5183333,130.307588,43.68389,-112.3028,USGS,Southern Idaho,10,2.0,470.788,471.6865238095238,292.83173,1.6107767082927824,1.4820937482770955
2016,USGS.434102112180701,427.774,130.3855152,43.68389,-112.3028,USGS,Southern Idaho,10,2.0,461.492,471.6865238095238,292.83173,1.6107767082927824,1.4820937482770955
2017,USGS.434102112180701,427.2,130.21056,43.68389,-112.3028,USGS,Southern Idaho,10,2.0,488.308,471.6865238095238,292.83173,1.6107767082927824,1.4820937482770955
2018,USGS.434102112180701,425.18,129.594864,43.68389,-112.3028,USGS,Southern Idaho,10,2.0,529.561,471.6865238095238,292.83173,1.6107767082927824,1.4820937482770955
2019,USGS.434102112180701,425.36,129.649728,43.68389,-112.3028,USGS,Southern Idaho,10,2.0,513.165,471.6865238095238,292.83173,1.6107767082927824,1.4820937482770955
2020,USGS.434102112180701,425.61,129.725928,43.68389,-112.3028,USGS,Southern Idaho,10,2.1,549.876,471.6865238095238,292.83173,1.6107767082927824,1.4820937482770955
2000,USGS.434657112282201,260.81,79.494888,43.78211,-112.4735,USGS,Southern Idaho,10,2.0,384.525,374.0482857142857,260.43195,1.4362611490082553,1.5798575890671447
2001,USGS.434657112282201,262.2325,79.928466,43.78211,-112.4735,USGS,Southern Idaho,10,2.0,316.585,374.0482857142857,260.43195,1.4362611490082553,1.5798575890671447
2002,USGS.434657112282201,265.345,80.877156,43.78211,-112.4735,USGS,Southern Idaho,10,2.0,350.135,374.0482857142857,260.43195,1.4362611490082553,1.5798575890671447
2003,USGS.434657112282201,269.5475,82.158078,43.78211,-112.4735,USGS,Southern Idaho,10,2.0,386.128,374.0482857142857,260.43195,1.4362611490082553,1.5798575890671447
2004,USGS.434657112282201,272.035,82.916268,43.78211,-112.4735,USGS,Southern Idaho,10,2.0,359.333,374.0482857142857,260.43195,1.4362611490082553,1.5798575890671447
2005,USGS.434657112282201,273.0125,83.21421,43.78211,-112.4735,USGS,Southern Idaho,10,2.0,376.07,374.0482857142857,260.43195,1.4362611490082553,1.5798575890671447
2006,USGS.434657112282201,273.405,83.333844,43.78211,-112.4735,USGS,Southern Idaho,10,2.0,388.312,374.0482857142857,260.43195,1.4362611490082553,1.5798575890671447
2007,USGS.434657112282201,272.215,82.971132,43.78211,-112.4735,USGS,Southern Idaho,10,2.0,354.915,374.0482857142857,260.43195,1.4362611490082553,1.5798575890671447
2008,USGS.434657112282201,273.22,83.277456,43.78211,-112.4735,USGS,Southern Idaho,10,2.0,324.289,374.0482857142857,260.43195,1.4362611490082553,1.5798575890671447
2009,USGS.434657112282201,274.25,83.5914,43.78211,-112.4735,USGS,Southern Idaho,10,2.0,419.72,374.0482857142857,260.43195,1.4362611490082553,1.5798575890671447
2010,USGS.434657112282201,273.045,83.224116,43.78211,-112.4735,USGS,Southern Idaho,10,2.0,400.182,374.0482857142857,260.43195,1.4362611490082553,1.5798575890671447
2011,USGS.434657112282201,273.4275,83.340702,43.78211,-112.4735,USGS,Southern Idaho,10,2.0,363.622,374.0482857142857,260.43195,1.4362611490082553,1.5798575890671447
2012,USGS.434657112282201,273.6275,83.401662,43.78211,-112.4735,USGS,Southern Idaho,10,2.0,306.124,374.0482857142857,260.43195,1.4362611490082553,1.5798575890671447
2013,USGS.434657112282201,273.9125,83.48853,43.78211,-112.4735,USGS,Southern Idaho,10,2.0,340.898,374.0482857142857,260.43195,1.4362611490082553,1.5798575890671447
2014,USGS.434657112282201,277.73,84.652104,43.78211,-112.4735,USGS,Southern Idaho,10,2.0,403.762,374.0482857142857,260.43195,1.4362611490082553,1.5798575890671447
2015,USGS.434657112282201,276.7369231,84.34941416,43.78211,-112.4735,USGS,Southern Idaho,10,2.0,388.432,374.0482857142857,260.43195,1.4362611490082553,1.5798575890671447
2016,USGS.434657112282201,277.1083333,84.46261999,43.78211,-112.4735,USGS,Southern Idaho,10,2.0,343.592,374.0482857142857,260.43195,1.4362611490082553,1.5798575890671447
2017,USGS.434657112282201,277.7875,84.66963,43.78211,-112.4735,USGS,Southern Idaho,10,2.0,451.033,374.0482857142857,260.43195,1.4362611490082553,1.5798575890671447
2018,USGS.434657112282201,276.1875,84.18195,43.78211,-112.4735,USGS,Southern Idaho,10,2.0,429.066,374.0482857142857,260.43195,1.4362611490082553,1.5798575890671447
2019,USGS.434657112282201,275.81,84.066888,43.78211,-112.4735,USGS,Southern Idaho,10,2.0,367.547,374.0482857142857,260.43195,1.4362611490082553,1.5798575890671447
2020,USGS.434657112282201,276.1,84.15528,43.78211,-112.4735,USGS,Southern Idaho,10,2.1,400.744,374.0482857142857,260.43195,1.4362611490082553,1.5798575890671447
2000,USSCS.352158090232301,31.06,9.467088,35.36662,-90.39071,USGS,Eastern Arkansas,10,2.0,799.164,797.7860952380953,1387.776,0.574866617290328,1.7868166306775752
2001,USSCS.352158090232301,32.0,9.7536,35.36662,-90.39071,USGS,Eastern Arkansas,10,2.0,809.808,797.7860952380953,1387.776,0.574866617290328,1.7868166306775752
2002,USSCS.352158090232301,33.44,10.192512,35.36662,-90.39071,USGS,Eastern Arkansas,10,2.0,707.071,797.7860952380953,1387.776,0.574866617290328,1.7868166306775752
2003,USSCS.352158090232301,32.33333333,9.855199999,35.36662,-90.39071,USGS,Eastern Arkansas,10,2.0,744.075,797.7860952380953,1387.776,0.574866617290328,1.7868166306775752
2004,USSCS.352158090232301,31.93666667,9.734296001,35.36662,-90.39071,USGS,Eastern Arkansas,10,2.0,757.545,797.7860952380953,1387.776,0.574866617290328,1.7868166306775752
2005,USSCS.352158090232301,32.26666667,9.834880001,35.36662,-90.39071,USGS,Eastern Arkansas,10,2.0,790.712,797.7860952380953,1387.776,0.574866617290328,1.7868166306775752
2006,USSCS.352158090232301,32.06666667,9.773920001,35.36662,-90.39071,USGS,Eastern Arkansas,10,2.0,819.046,797.7860952380953,1387.776,0.574866617290328,1.7868166306775752
2007,USSCS.352158090232301,33.05,10.07364,35.36662,-90.39071,USGS,Eastern Arkansas,10,2.0,819.383,797.7860952380953,1387.776,0.574866617290328,1.7868166306775752
2008,USSCS.352158090232301,33.55333333,10.227056,35.36662,-90.39071,USGS,Eastern Arkansas,10,2.0,777.541,797.7860952380953,1387.776,0.574866617290328,1.7868166306775752
2009,USSCS.352158090232301,34.5,10.5156,35.36662,-90.39071,USGS,Eastern Arkansas,10,2.0,767.843,797.7860952380953,1387.776,0.574866617290328,1.7868166306775752
2010,USSCS.352158090232301,33.83,10.311384,35.36662,-90.39071,USGS,Eastern Arkansas,10,2.0,789.053,797.7860952380953,1387.776,0.574866617290328,1.7868166306775752
2011,USSCS.352158090232301,34.3,10.45464,35.36662,-90.39071,USGS,Eastern Arkansas,10,2.0,822.121,797.7860952380953,1387.776,0.574866617290328,1.7868166306775752
2012,USSCS.352158090232301,33.2,10.11936,35.36662,-90.39071,USGS,Eastern Arkansas,10,2.0,918.693,797.7860952380953,1387.776,0.574866617290328,1.7868166306775752
2013,USSCS.352158090232301,34.95,10.65276,35.36662,-90.39071,USGS,Eastern Arkansas,10,2.0,835.585,797.7860952380953,1387.776,0.574866617290328,1.7868166306775752
2014,USSCS.352158090232301,34.59,10.543032,35.36662,-90.39071,USGS,Eastern Arkansas,10,2.0,804.243,797.7860952380953,1387.776,0.574866617290328,1.7868166306775752
2015,USSCS.352158090232301,33.9,10.33272,35.36662,-90.39071,USGS,Eastern Arkansas,10,2.0,777.05,797.7860952380953,1387.776,0.574866617290328,1.7868166306775752
2016,USSCS.352158090232301,33.89,10.329672,35.36662,-90.39071,USGS,Eastern Arkansas,10,2.0,784.904,797.7860952380953,1387.776,0.574866617290328,1.7868166306775752
2017,USSCS.352158090232301,33.73,10.280904,35.36662,-90.39071,USGS,Eastern Arkansas,10,2.0,804.6,797.7860952380953,1387.776,0.574866617290328,1.7868166306775752
2018,USSCS.352158090232301,33.3,10.14984,35.36662,-90.39071,USGS,Eastern Arkansas,10,2.0,828.282,797.7860952380953,1387.776,0.574866617290328,1.7868166306775752
2019,USSCS.352158090232301,32.96,10.046208,35.36662,-90.39071,USGS,Eastern Arkansas,10,2.0,839.424,797.7860952380953,1387.776,0.574866617290328,1.7868166306775752
2020,USSCS.352158090232301,32.19,9.811512,35.36662,-90.39071,USGS,Eastern Arkansas,10,2.1,757.365,797.7860952380953,1387.776,0.574866617290328,1.7868166306775752
2000,USSCS.355018090512401,68.15,20.77212,35.83535,-90.85817,USGS,Eastern Arkansas,10,2.0,820.4,814.4119047619048,1323.7189,0.6152453681408611,1.804353388328404
2001,USSCS.355018090512401,69.6,21.21408,35.83535,-90.85817,USGS,Eastern Arkansas,10,2.0,795.864,814.4119047619048,1323.7189,0.6152453681408611,1.804353388328404
2002,USSCS.355018090512401,70.6,21.51888,35.83535,-90.85817,USGS,Eastern Arkansas,10,2.0,804.185,814.4119047619048,1323.7189,0.6152453681408611,1.804353388328404
2003,USSCS.355018090512401,72.55,22.11324,35.83535,-90.85817,USGS,Eastern Arkansas,10,2.0,806.599,814.4119047619048,1323.7189,0.6152453681408611,1.804353388328404
2004,USSCS.355018090512401,72.1,21.97608,35.83535,-90.85817,USGS,Eastern Arkansas,10,2.0,799.437,814.4119047619048,1323.7189,0.6152453681408611,1.804353388328404
2005,USSCS.355018090512401,72.65,22.14372,35.83535,-90.85817,USGS,Eastern Arkansas,10,2.0,802.9,814.4119047619048,1323.7189,0.6152453681408611,1.804353388328404
2006,USSCS.355018090512401,76.1,23.19528,35.83535,-90.85817,USGS,Eastern Arkansas,10,2.0,798.97,814.4119047619048,1323.7189,0.6152453681408611,1.804353388328404
2007,USSCS.355018090512401,78.25,23.8506,35.83535,-90.85817,USGS,Eastern Arkansas,10,2.0,850.425,814.4119047619048,1323.7189,0.6152453681408611,1.804353388328404
2008,USSCS.355018090512401,77.9,23.74392,35.83535,-90.85817,USGS,Eastern Arkansas,10,2.0,805.533,814.4119047619048,1323.7189,0.6152453681408611,1.804353388328404
2009,USSCS.355018090512401,77.5,23.622,35.83535,-90.85817,USGS,Eastern Arkansas,10,2.0,764.37,814.4119047619048,1323.7189,0.6152453681408611,1.804353388328404
2010,USSCS.355018090512401,76.0,23.1648,35.83535,-90.85817,USGS,Eastern Arkansas,10,2.0,821.373,814.4119047619048,1323.7189,0.6152453681408611,1.804353388328404
2011,USSCS.355018090512401,76.8,23.40864,35.83535,-90.85817,USGS,Eastern Arkansas,10,2.0,854.909,814.4119047619048,1323.7189,0.6152453681408611,1.804353388328404
2012,USSCS.355018090512401,79.5,24.2316,35.83535,-90.85817,USGS,Eastern Arkansas,10,2.0,888.133,814.4119047619048,1323.7189,0.6152453681408611,1.804353388328404
2013,USSCS.355018090512401,78.7,23.98776,35.83535,-90.85817,USGS,Eastern Arkansas,10,2.0,846.655,814.4119047619048,1323.7189,0.6152453681408611,1.804353388328404
2014,USSCS.355018090512401,76.5,23.3172,35.83535,-90.85817,USGS,Eastern Arkansas,10,2.0,827.581,814.4119047619048,1323.7189,0.6152453681408611,1.804353388328404
2015,USSCS.355018090512401,75.0,22.86,35.83535,-90.85817,USGS,Eastern Arkansas,10,2.0,813.201,814.4119047619048,1323.7189,0.6152453681408611,1.804353388328404
2016,USSCS.355018090512401,81.0,24.6888,35.83535,-90.85817,USGS,Eastern Arkansas,10,2.0,804.396,814.4119047619048,1323.7189,0.6152453681408611,1.804353388328404
2017,USSCS.355018090512401,82.125,25.0317,35.83535,-90.85817,USGS,Eastern Arkansas,10,2.0,774.588,814.4119047619048,1323.7189,0.6152453681408611,1.804353388328404
2018,USSCS.355018090512401,81.66,24.889968,35.83535,-90.85817,USGS,Eastern Arkansas,10,2.0,853.027,814.4119047619048,1323.7189,0.6152453681408611,1.804353388328404
2019,USSCS.355018090512401,84.0,25.6032,35.83535,-90.85817,USGS,Eastern Arkansas,10,2.0,808.502,814.4119047619048,1323.7189,0.6152453681408611,1.804353388328404
2020,USSCS.355018090512401,79.715,24.297132,35.83535,-90.85817,USGS,Eastern Arkansas,10,2.1,761.602,814.4119047619048,1323.7189,0.6152453681408611,1.804353388328404
2000,amargosa,128.5000041,39.1668,36.55634,-116.496,Jasechko,Southwest US,10,2.0,110.587,124.74995238095237,119.582825,1.0432096138101787,1.862509385076196
2001,amargosa,128.4700041,39.157656,36.55634,-116.496,Jasechko,Southwest US,10,2.0,115.613,124.74995238095237,119.582825,1.0432096138101787,1.862509385076196
2002,amargosa,129.7400042,39.544752,36.55634,-116.496,Jasechko,Southwest US,10,2.0,105.874,124.74995238095237,119.582825,1.0432096138101787,1.862509385076196
2003,amargosa,132.7600042,40.465248,36.55634,-116.496,Jasechko,Southwest US,10,2.0,127.859,124.74995238095237,119.582825,1.0432096138101787,1.862509385076196
2004,amargosa,134.8450043,41.100756,36.55634,-116.496,Jasechko,Southwest US,10,2.0,120.46,124.74995238095237,119.582825,1.0432096138101787,1.862509385076196
2005,amargosa,136.5200044,41.611296,36.55634,-116.496,Jasechko,Southwest US,10,2.0,161.83,124.74995238095237,119.582825,1.0432096138101787,1.862509385076196
2006,amargosa,138.2900044,42.150792,36.55634,-116.496,Jasechko,Southwest US,10,2.0,111.979,124.74995238095237,119.582825,1.0432096138101787,1.862509385076196
2007,amargosa,140.9850045,42.972228,36.55634,-116.496,Jasechko,Southwest US,10,2.0,140.62,124.74995238095237,119.582825,1.0432096138101787,1.862509385076196
2008,amargosa,143.0000046,43.5864,36.55634,-116.496,Jasechko,Southwest US,10,2.0,114.697,124.74995238095237,119.582825,1.0432096138101787,1.862509385076196
2009,amargosa,143.6400046,43.781472,36.55634,-116.496,Jasechko,Southwest US,10,2.0,100.895,124.74995238095237,119.582825,1.0432096138101787,1.862509385076196
2010,amargosa,144.4100046,44.016168,36.55634,-116.496,Jasechko,Southwest US,10,2.0,104.138,124.74995238095237,119.582825,1.0432096138101787,1.862509385076196
2011,amargosa,144.0200046,43.897296,36.55634,-116.496,Jasechko,Southwest US,10,2.0,114.427,124.74995238095237,119.582825,1.0432096138101787,1.862509385076196
2012,amargosa,144.9400046,44.177712,36.55634,-116.496,Jasechko,Southwest US,10,2.0,119.245,124.74995238095237,119.582825,1.0432096138101787,1.862509385076196
2013,amargosa,146.1300047,44.540424,36.55634,-116.496,Jasechko,Southwest US,10,2.0,131.971,124.74995238095237,119.582825,1.0432096138101787,1.862509385076196
2014,amargosa,146.5900047,44.680632,36.55634,-116.496,Jasechko,Southwest US,10,2.0,138.546,124.74995238095237,119.582825,1.0432096138101787,1.862509385076196
2015,amargosa,147.1900047,44.863512,36.55634,-116.496,Jasechko,Southwest US,10,2.0,120.831,124.74995238095237,119.582825,1.0432096138101787,1.862509385076196
2016,amargosa,147.3650047,44.916852,36.55634,-116.496,Jasechko,Southwest US,10,2.0,161.401,124.74995238095237,119.582825,1.0432096138101787,1.862509385076196
2017,amargosa,148.2150047,45.175932,36.55634,-116.496,Jasechko,Southwest US,10,2.0,129.519,124.74995238095237,119.582825,1.0432096138101787,1.862509385076196
2018,amargosa,147.3300047,44.906184,36.55634,-116.496,Jasechko,Southwest US,10,2.0,118.85,124.74995238095237,119.582825,1.0432096138101787,1.862509385076196
2019,amargosa,147.0400047,44.817792,36.55634,-116.496,Jasechko,Southwest US,10,2.0,134.901,124.74995238095237,119.582825,1.0432096138101787,1.862509385076196
2020,amargosa,147.8100047,45.052488,36.55634,-116.496,Jasechko,Southwest US,10,2.1,135.506,124.74995238095237,119.582825,1.0432096138101787,1.862509385076196
2002,butler_valley,199.8000064,60.89904,33.95808,-113.784,Jasechko,Southwest US,10,2.0,113.955,196.80091666666667,171.74725,1.1458751901419153,2.143269027691018
2003,butler_valley,206.0000066,62.7888,33.95808,-113.784,Jasechko,Southwest US,10,2.0,191.813,196.80091666666667,171.74725,1.1458751901419153,2.143269027691018
2004,butler_valley,198.2000063,60.41136,33.95808,-113.784,Jasechko,Southwest US,10,2.0,161.009,196.80091666666667,171.74725,1.1458751901419153,2.143269027691018
2005,butler_valley,209.4000067,63.82512,33.95808,-113.784,Jasechko,Southwest US,10,2.0,328.951,196.80091666666667,171.74725,1.1458751901419153,2.143269027691018
2007,butler_valley,214.4000069,65.34912,33.95808,-113.784,Jasechko,Southwest US,10,2.0,161.261,196.80091666666667,171.74725,1.1458751901419153,2.143269027691018
2008,butler_valley,212.2000068,64.67856,33.95808,-113.784,Jasechko,Southwest US,10,2.0,184.877,196.80091666666667,171.74725,1.1458751901419153,2.143269027691018
2009,butler_valley,211.1000068,64.34328,33.95808,-113.784,Jasechko,Southwest US,10,2.0,164.898,196.80091666666667,171.74725,1.1458751901419153,2.143269027691018
2010,butler_valley,207.6000066,63.27648,33.95808,-113.784,Jasechko,Southwest US,10,2.0,154.891,196.80091666666667,171.74725,1.1458751901419153,2.143269027691018
2013,butler_valley,219.750007,66.9798,33.95808,-113.784,Jasechko,Southwest US,10,2.0,204.244,196.80091666666667,171.74725,1.1458751901419153,2.143269027691018
2014,butler_valley,228.9000073,69.76872,33.95808,-113.784,Jasechko,Southwest US,10,2.0,189.763,196.80091666666667,171.74725,1.1458751901419153,2.143269027691018
2016,butler_valley,250.700008,76.41336,33.95808,-113.784,Jasechko,Southwest US,10,2.0,197.684,196.80091666666667,171.74725,1.1458751901419153,2.143269027691018
2020,butler_valley,306.3000098,93.36024,33.95808,-113.784,Jasechko,Southwest US,10,2.1,308.265,196.80091666666667,171.74725,1.1458751901419153,2.143269027691018
2000,cuyama,307.2500098,93.6498,34.89025548,-119.6165171,Jasechko,Southwest US,10,2.0,383.078,339.1206842105263,273.16187,1.2414642282500088,3.383986538144888
2001,cuyama,307.4000098,93.69552,34.89025548,-119.6165171,Jasechko,Southwest US,10,2.0,394.929,339.1206842105263,273.16187,1.2414642282500088,3.383986538144888
2002,cuyama,308.1800099,93.933264,34.89025548,-119.6165171,Jasechko,Southwest US,10,2.0,271.686,339.1206842105263,273.16187,1.2414642282500088,3.383986538144888
2003,cuyama,308.6500099,94.07652,34.89025548,-119.6165171,Jasechko,Southwest US,10,2.0,396.528,339.1206842105263,273.16187,1.2414642282500088,3.383986538144888
2004,cuyama,309.8000099,94.42704,34.89025548,-119.6165171,Jasechko,Southwest US,10,2.0,292.204,339.1206842105263,273.16187,1.2414642282500088,3.383986538144888
2005,cuyama,311.24001,94.865952,34.89025548,-119.6165171,Jasechko,Southwest US,10,2.0,411.937,339.1206842105263,273.16187,1.2414642282500088,3.383986538144888
2006,cuyama,311.99001,95.094552,34.89025548,-119.6165171,Jasechko,Southwest US,10,2.0,344.657,339.1206842105263,273.16187,1.2414642282500088,3.383986538144888
2007,cuyama,314.5600101,95.877888,34.89025548,-119.6165171,Jasechko,Southwest US,10,2.0,315.869,339.1206842105263,273.16187,1.2414642282500088,3.383986538144888
2008,cuyama,316.9500101,96.60636,34.89025548,-119.6165171,Jasechko,Southwest US,10,2.0,277.314,339.1206842105263,273.16187,1.2414642282500088,3.383986538144888
2009,cuyama,318.7550102,97.156524,34.89025548,-119.6165171,Jasechko,Southwest US,10,2.0,311.173,339.1206842105263,273.16187,1.2414642282500088,3.383986538144888
2010,cuyama,319.2450102,97.305876,34.89025548,-119.6165171,Jasechko,Southwest US,10,2.0,392.641,339.1206842105263,273.16187,1.2414642282500088,3.383986538144888
2011,cuyama,321.1850103,97.897188,34.89025548,-119.6165171,Jasechko,Southwest US,10,2.0,366.863,339.1206842105263,273.16187,1.2414642282500088,3.383986538144888
2012,cuyama,322.4500103,98.28276,34.89025548,-119.6165171,Jasechko,Southwest US,10,2.0,324.448,339.1206842105263,273.16187,1.2414642282500088,3.383986538144888
2013,cuyama,324.3400104,98.858832,34.89025548,-119.6165171,Jasechko,Southwest US,10,2.0,319.346,339.1206842105263,273.16187,1.2414642282500088,3.383986538144888
2014,cuyama,324.8000104,98.99904,34.89025548,-119.6165171,Jasechko,Southwest US,10,2.0,257.949,339.1206842105263,273.16187,1.2414642282500088,3.383986538144888
2015,cuyama,326.5400104,99.529392,34.89025548,-119.6165171,Jasechko,Southwest US,10,2.0,327.039,339.1206842105263,273.16187,1.2414642282500088,3.383986538144888
2016,cuyama,327.6100105,99.855528,34.89025548,-119.6165171,Jasechko,Southwest US,10,2.0,380.193,339.1206842105263,273.16187,1.2414642282500088,3.383986538144888
2017,cuyama,329.4000105,100.40112,34.89025548,-119.6165171,Jasechko,Southwest US,10,2.0,362.346,339.1206842105263,273.16187,1.2414642282500088,3.383986538144888
2018,cuyama,330.1100106,100.617528,34.89025548,-119.6165171,Jasechko,Southwest US,10,2.0,313.093,339.1206842105263,273.16187,1.2414642282500088,3.383986538144888
2007,hualapai_valley,360.0000115,109.728,35.47122,-113.976,Jasechko,Southwest US,10,2.0,112.336,187.0532,268.68903,0.6961698543069705,2.0694184334621037
2014,hualapai_valley,440.0000141,134.112,35.47122,-113.976,Jasechko,Southwest US,10,2.0,175.992,187.0532,268.68903,0.6961698543069705,2.0694184334621037
2018,hualapai_valley,456.2798702,139.0741,35.47122,-113.976,Jasechko,Southwest US,10,2.0,239.154,187.0532,268.68903,0.6961698543069705,2.0694184334621037
2019,hualapai_valley,454.740172,138.6048,35.47122,-113.976,Jasechko,Southwest US,10,2.0,203.705,187.0532,268.68903,0.6961698543069705,2.0694184334621037
2020,hualapai_valley,454.0498833,138.3944,35.47122,-113.976,Jasechko,Southwest US,10,2.1,204.079,187.0532,268.68903,0.6961698543069705,2.0694184334621037
2000,mcmullen_valley,615.0000197,187.452,33.95725,-113.08,Jasechko,Southwest US,10,2.0,251.865,294.3725,231.6677,1.2706670265529416,2.2299414674062437
2001,mcmullen_valley,615.1000853,187.4825,33.95725,-113.08,Jasechko,Southwest US,10,2.0,398.376,294.3725,231.6677,1.2706670265529416,2.2299414674062437
2003,mcmullen_valley,617.2598623,188.1408,33.95725,-113.08,Jasechko,Southwest US,10,2.0,332.959,294.3725,231.6677,1.2706670265529416,2.2299414674062437
2004,mcmullen_valley,618.6000854,188.5493,33.95725,-113.08,Jasechko,Southwest US,10,2.0,254.355,294.3725,231.6677,1.2706670265529416,2.2299414674062437
2005,mcmullen_valley,620.2998886,189.0674,33.95725,-113.08,Jasechko,Southwest US,10,2.0,503.763,294.3725,231.6677,1.2706670265529416,2.2299414674062437
2006,mcmullen_valley,623.0000199,189.8904,33.95725,-113.08,Jasechko,Southwest US,10,2.0,304.13,294.3725,231.6677,1.2706670265529416,2.2299414674062437
2007,mcmullen_valley,624.7001512,190.4086,33.95725,-113.08,Jasechko,Southwest US,10,2.0,205.569,294.3725,231.6677,1.2706670265529416,2.2299414674062437
2008,mcmullen_valley,626.00002,190.8048,33.95725,-113.08,Jasechko,Southwest US,10,2.0,282.541,294.3725,231.6677,1.2706670265529416,2.2299414674062437
2009,mcmullen_valley,627.6000857,191.2925,33.95725,-113.08,Jasechko,Southwest US,10,2.0,255.38,294.3725,231.6677,1.2706670265529416,2.2299414674062437
2010,mcmullen_valley,628.7001514,191.6278,33.95725,-113.08,Jasechko,Southwest US,10,2.0,327.181,294.3725,231.6677,1.2706670265529416,2.2299414674062437
2011,mcmullen_valley,629.6000858,191.9021,33.95725,-113.08,Jasechko,Southwest US,10,2.0,199.394,294.3725,231.6677,1.2706670265529416,2.2299414674062437
2012,mcmullen_valley,630.7001514,192.2374,33.95725,-113.08,Jasechko,Southwest US,10,2.0,222.358,294.3725,231.6677,1.2706670265529416,2.2299414674062437
2013,mcmullen_valley,631.5000202,192.4812,33.95725,-113.08,Jasechko,Southwest US,10,2.0,282.234,294.3725,231.6677,1.2706670265529416,2.2299414674062437
2014,mcmullen_valley,632.8999546,192.9079,33.95725,-113.08,Jasechko,Southwest US,10,2.0,297.324,294.3725,231.6677,1.2706670265529416,2.2299414674062437
2015,mcmullen_valley,634.2001515,193.3042,33.95725,-113.08,Jasechko,Southwest US,10,2.0,327.63,294.3725,231.6677,1.2706670265529416,2.2299414674062437
2016,mcmullen_valley,635.1000859,193.5785,33.95725,-113.08,Jasechko,Southwest US,10,2.0,218.063,294.3725,231.6677,1.2706670265529416,2.2299414674062437
2017,mcmullen_valley,636.8999548,194.1271,33.95725,-113.08,Jasechko,Southwest US,10,2.0,318.007,294.3725,231.6677,1.2706670265529416,2.2299414674062437
2018,mcmullen_valley,637.600086,194.3405,33.95725,-113.08,Jasechko,Southwest US,10,2.0,243.675,294.3725,231.6677,1.2706670265529416,2.2299414674062437
2019,mcmullen_valley,639.6000861,194.9501,33.95725,-113.08,Jasechko,Southwest US,10,2.0,283.501,294.3725,231.6677,1.2706670265529416,2.2299414674062437
2020,mcmullen_valley,641.1000861,195.4073,33.95725,-113.08,Jasechko,Southwest US,10,2.1,379.145,294.3725,231.6677,1.2706670265529416,2.2299414674062437
2003,san_simon_valley,221.8000071,67.60464,32.17119,-109.158,Jasechko,Southwest US,10,2.0,390.782,436.2887272727272,316.23447,1.379636862574475,1.888305966249496
2004,san_simon_valley,218.900007,66.72072,32.17119,-109.158,Jasechko,Southwest US,10,2.0,436.37,436.2887272727272,316.23447,1.379636862574475,1.888305966249496
2005,san_simon_valley,234.8000075,71.56704,32.17119,-109.158,Jasechko,Southwest US,10,2.0,470.77,436.2887272727272,316.23447,1.379636862574475,1.888305966249496
2007,san_simon_valley,221.3000071,67.45224,32.17119,-109.158,Jasechko,Southwest US,10,2.0,478.109,436.2887272727272,316.23447,1.379636862574475,1.888305966249496
2008,san_simon_valley,269.1000086,82.02168,32.17119,-109.158,Jasechko,Southwest US,10,2.0,469.443,436.2887272727272,316.23447,1.379636862574475,1.888305966249496
2009,san_simon_valley,278.5000089,84.8868,32.17119,-109.158,Jasechko,Southwest US,10,2.0,425.331,436.2887272727272,316.23447,1.379636862574475,1.888305966249496
2010,san_simon_valley,246.6000079,75.16368,32.17119,-109.158,Jasechko,Southwest US,10,2.0,436.897,436.2887272727272,316.23447,1.379636862574475,1.888305966249496
2011,san_simon_valley,244.9000078,74.64552,32.17119,-109.158,Jasechko,Southwest US,10,2.0,379.22,436.2887272727272,316.23447,1.379636862574475,1.888305966249496
2013,san_simon_valley,274.6000088,83.69808,32.17119,-109.158,Jasechko,Southwest US,10,2.0,382.154,436.2887272727272,316.23447,1.379636862574475,1.888305966249496
2015,san_simon_valley,273.4500088,83.34756,32.17119,-109.158,Jasechko,Southwest US,10,2.0,414.213,436.2887272727272,316.23447,1.379636862574475,1.888305966249496
2020,san_simon_valley,374.7998808,114.239,32.17119,-109.158,Jasechko,Southwest US,10,2.1,515.887,436.2887272727272,316.23447,1.379636862574475,1.888305966249496
2006,southern_willcox,140.7000045,42.88536,31.36597,-109.663,Jasechko,Southwest US,10,2.0,319.921,328.6824444444444,365.22668,0.899940936219208,1.961120531059658
2011,southern_willcox,132.7000042,40.44696,31.36597,-109.663,Jasechko,Southwest US,10,2.0,232.025,328.6824444444444,365.22668,0.899940936219208,1.961120531059658
2012,southern_willcox,132.0000042,40.2336,31.36597,-109.663,Jasechko,Southwest US,10,2.0,245.177,328.6824444444444,365.22668,0.899940936219208,1.961120531059658
2013,southern_willcox,131.5000042,40.0812,31.36597,-109.663,Jasechko,Southwest US,10,2.0,338.162,328.6824444444444,365.22668,0.899940936219208,1.961120531059658
2015,southern_willcox,132.5000042,40.386,31.36597,-109.663,Jasechko,Southwest US,10,2.0,389.336,328.6824444444444,365.22668,0.899940936219208,1.961120531059658
2016,southern_willcox,134.7000043,41.05656,31.36597,-109.663,Jasechko,Southwest US,10,2.0,342.226,328.6824444444444,365.22668,0.899940936219208,1.961120531059658
2018,southern_willcox,147.0000047,44.8056,31.36597,-109.663,Jasechko,Southwest US,10,2.0,301.966,328.6824444444444,365.22668,0.899940936219208,1.961120531059658
2019,southern_willcox,153.0000049,46.6344,31.36597,-109.663,Jasechko,Southwest US,10,2.0,397.261,328.6824444444444,365.22668,0.899940936219208,1.961120531059658
2020,southern_willcox,154.700005,47.15256,31.36597,-109.663,Jasechko,Southwest US,10,2.1,392.068,328.6824444444444,365.22668,0.899940936219208,1.961120531059658
2000,willcox,253.7000081,77.32776,32.03619,-109.754,Jasechko,Southwest US,10,2.0,359.255,480.873,334.1451,1.439114277147502,1.8624654522548678
2003,willcox,272.5000087,83.058,32.03619,-109.754,Jasechko,Southwest US,10,2.0,393.55,480.873,334.1451,1.439114277147502,1.8624654522548678
2004,willcox,277.7000089,84.64296,32.03619,-109.754,Jasechko,Southwest US,10,2.0,417.769,480.873,334.1451,1.439114277147502,1.8624654522548678
2005,willcox,289.4000093,88.20912,32.03619,-109.754,Jasechko,Southwest US,10,2.0,488.587,480.873,334.1451,1.439114277147502,1.8624654522548678
2007,willcox,303.9000097,92.62872,32.03619,-109.754,Jasechko,Southwest US,10,2.0,493.866,480.873,334.1451,1.439114277147502,1.8624654522548678
2011,willcox,325.5000104,99.2124,32.03619,-109.754,Jasechko,Southwest US,10,2.0,464.949,480.873,334.1451,1.439114277147502,1.8624654522548678
2013,willcox,346.2998798,105.5522,32.03619,-109.754,Jasechko,Southwest US,10,2.0,424.442,480.873,334.1451,1.439114277147502,1.8624654522548678
2014,willcox,346.8999455,105.7351,32.03619,-109.754,Jasechko,Southwest US,10,2.0,509.436,480.873,334.1451,1.439114277147502,1.8624654522548678
2015,willcox,352.0000113,107.2896,32.03619,-109.754,Jasechko,Southwest US,10,2.0,568.491,480.873,334.1451,1.439114277147502,1.8624654522548678
2017,willcox,372.7500119,113.6142,32.03619,-109.754,Jasechko,Southwest US,10,2.0,493.566,480.873,334.1451,1.439114277147502,1.8624654522548678
2019,willcox,392.1000782,119.5121,32.03619,-109.754,Jasechko,Southwest US,10,2.0,550.907,480.873,334.1451,1.439114277147502,1.8624654522548678
2020,willcox,402.8999473,122.8039,32.03619,-109.754,Jasechko,Southwest US,10,2.1,605.658,480.873,334.1451,1.439114277147502,1.8624654522548678
