year_value,site_id,depth_to_gw_ft,depth_to_gw_m,latitude,longitude,data_source,region,bbox_side,open_et_version,scaled_annual_et_avg,mean_et,mean_precip,et_precip_ratio,precip_variation
2000,KSGS.371852100505801,239.39,72.966072,37.31502,-100.8505,USGS,Southern Kansas,2,2.0,724.822,777.0842380952381,551.8382,1.4081740698785787,1.8157408632970546
2001,KSGS.371852100505801,241.96,73.749408,37.31502,-100.8505,USGS,Southern Kansas,2,2.0,767.646,777.0842380952381,551.8382,1.4081740698785787,1.8157408632970546
2002,KSGS.371852100505801,242.78,73.999344,37.31502,-100.8505,USGS,Southern Kansas,2,2.0,768.023,777.0842380952381,551.8382,1.4081740698785787,1.8157408632970546
2003,KSGS.371852100505801,246.71,75.197208,37.31502,-100.8505,USGS,Southern Kansas,2,2.0,790.507,777.0842380952381,551.8382,1.4081740698785787,1.8157408632970546
2004,KSGS.371852100505801,247.71,75.502008,37.31502,-100.8505,USGS,Southern Kansas,2,2.0,743.859,777.0842380952381,551.8382,1.4081740698785787,1.8157408632970546
2005,KSGS.371852100505801,246.96,75.273408,37.31502,-100.8505,USGS,Southern Kansas,2,2.0,783.088,777.0842380952381,551.8382,1.4081740698785787,1.8157408632970546
2006,KSGS.371852100505801,248.07,75.611736,37.31502,-100.8505,USGS,Southern Kansas,2,2.0,809.805,777.0842380952381,551.8382,1.4081740698785787,1.8157408632970546
2007,KSGS.371852100505801,249.56,76.065888,37.31502,-100.8505,USGS,Southern Kansas,2,2.0,785.643,777.0842380952381,551.8382,1.4081740698785787,1.8157408632970546
2008,KSGS.371852100505801,252.74,77.035152,37.31502,-100.8505,USGS,Southern Kansas,2,2.0,763.48,777.0842380952381,551.8382,1.4081740698785787,1.8157408632970546
2009,KSGS.371852100505801,254.04,77.431392,37.31502,-100.8505,USGS,Southern Kansas,2,2.0,754.894,777.0842380952381,551.8382,1.4081740698785787,1.8157408632970546
2010,KSGS.371852100505801,255.87,77.989176,37.31502,-100.8505,USGS,Southern Kansas,2,2.0,759.669,777.0842380952381,551.8382,1.4081740698785787,1.8157408632970546
2011,KSGS.371852100505801,257.2,78.39456,37.31502,-100.8505,USGS,Southern Kansas,2,2.0,748.224,777.0842380952381,551.8382,1.4081740698785787,1.8157408632970546
2012,KSGS.371852100505801,263.27,80.244696,37.31502,-100.8505,USGS,Southern Kansas,2,2.0,679.785,777.0842380952381,551.8382,1.4081740698785787,1.8157408632970546
2013,KSGS.371852100505801,266.14,81.119472,37.31502,-100.8505,USGS,Southern Kansas,2,2.0,779.938,777.0842380952381,551.8382,1.4081740698785787,1.8157408632970546
2014,KSGS.371852100505801,269.79,82.231992,37.31502,-100.8505,USGS,Southern Kansas,2,2.0,786.074,777.0842380952381,551.8382,1.4081740698785787,1.8157408632970546
2015,KSGS.371852100505801,271.88,82.869024,37.31502,-100.8505,USGS,Southern Kansas,2,2.0,875.785,777.0842380952381,551.8382,1.4081740698785787,1.8157408632970546
2016,KSGS.371852100505801,272.95,83.19516,37.31502,-100.8505,USGS,Southern Kansas,2,2.0,824.948,777.0842380952381,551.8382,1.4081740698785787,1.8157408632970546
2017,KSGS.371852100505801,273.12,83.246976,37.31502,-100.8505,USGS,Southern Kansas,2,2.0,677.985,777.0842380952381,551.8382,1.4081740698785787,1.8157408632970546
2018,KSGS.371852100505801,274.94,83.801712,37.31502,-100.8505,USGS,Southern Kansas,2,2.0,793.893,777.0842380952381,551.8382,1.4081740698785787,1.8157408632970546
2019,KSGS.371852100505801,276.45,84.26196,37.31502,-100.8505,USGS,Southern Kansas,2,2.0,820.694,777.0842380952381,551.8382,1.4081740698785787,1.8157408632970546
2020,KSGS.371852100505801,276.24,84.197952,37.31502,-100.8505,USGS,Southern Kansas,2,2.1,880.007,777.0842380952381,551.8382,1.4081740698785787,1.8157408632970546
2000,KSGS.372043101363101,227.26,69.268848,37.34495,-101.6104,USGS,Southern Kansas,2,2.0,585.6,539.5648571428571,511.47003,1.054929563143891,1.8980200437391388
2001,KSGS.372043101363101,228.25,69.5706,37.34495,-101.6104,USGS,Southern Kansas,2,2.0,588.225,539.5648571428571,511.47003,1.054929563143891,1.8980200437391388
2002,KSGS.372043101363101,230.64,70.299072,37.34495,-101.6104,USGS,Southern Kansas,2,2.0,485.108,539.5648571428571,511.47003,1.054929563143891,1.8980200437391388
2003,KSGS.372043101363101,229.63,69.991224,37.34495,-101.6104,USGS,Southern Kansas,2,2.0,648.469,539.5648571428571,511.47003,1.054929563143891,1.8980200437391388
2004,KSGS.372043101363101,231.16,70.457568,37.34495,-101.6104,USGS,Southern Kansas,2,2.0,540.829,539.5648571428571,511.47003,1.054929563143891,1.8980200437391388
2005,KSGS.372043101363101,229.91,70.076568,37.34495,-101.6104,USGS,Southern Kansas,2,2.0,615.425,539.5648571428571,511.47003,1.054929563143891,1.8980200437391388
2006,KSGS.372043101363101,229.29,69.887592,37.34495,-101.6104,USGS,Southern Kansas,2,2.0,506.425,539.5648571428571,511.47003,1.054929563143891,1.8980200437391388
2007,KSGS.372043101363101,231.51,70.564248,37.34495,-101.6104,USGS,Southern Kansas,2,2.0,596.162,539.5648571428571,511.47003,1.054929563143891,1.8980200437391388
2008,KSGS.372043101363101,232.78,70.951344,37.34495,-101.6104,USGS,Southern Kansas,2,2.0,395.501,539.5648571428571,511.47003,1.054929563143891,1.8980200437391388
2009,KSGS.372043101363101,233.46,71.158608,37.34495,-101.6104,USGS,Southern Kansas,2,2.0,557.843,539.5648571428571,511.47003,1.054929563143891,1.8980200437391388
2010,KSGS.372043101363101,233.45,71.15556,37.34495,-101.6104,USGS,Southern Kansas,2,2.0,557.103,539.5648571428571,511.47003,1.054929563143891,1.8980200437391388
2011,KSGS.372043101363101,236.4,72.05472,37.34495,-101.6104,USGS,Southern Kansas,2,2.0,336.579,539.5648571428571,511.47003,1.054929563143891,1.8980200437391388
2012,KSGS.372043101363101,237.36,72.347328,37.34495,-101.6104,USGS,Southern Kansas,2,2.0,501.883,539.5648571428571,511.47003,1.054929563143891,1.8980200437391388
2013,KSGS.372043101363101,238.36,72.652128,37.34495,-101.6104,USGS,Southern Kansas,2,2.0,511.526,539.5648571428571,511.47003,1.054929563143891,1.8980200437391388
2014,KSGS.372043101363101,239.88,73.115424,37.34495,-101.6104,USGS,Southern Kansas,2,2.0,474.452,539.5648571428571,511.47003,1.054929563143891,1.8980200437391388
2015,KSGS.372043101363101,239.29,72.935592,37.34495,-101.6104,USGS,Southern Kansas,2,2.0,576.13,539.5648571428571,511.47003,1.054929563143891,1.8980200437391388
2016,KSGS.372043101363101,240.05,73.16724,37.34495,-101.6104,USGS,Southern Kansas,2,2.0,639.542,539.5648571428571,511.47003,1.054929563143891,1.8980200437391388
2017,KSGS.372043101363101,241.06,73.475088,37.34495,-101.6104,USGS,Southern Kansas,2,2.0,644.68,539.5648571428571,511.47003,1.054929563143891,1.8980200437391388
2018,KSGS.372043101363101,239.585,73.025508,37.34495,-101.6104,USGS,Southern Kansas,2,2.0,603.251,539.5648571428571,511.47003,1.054929563143891,1.8980200437391388
2019,KSGS.372043101363101,240.12,73.188576,37.34495,-101.6104,USGS,Southern Kansas,2,2.0,563.346,539.5648571428571,511.47003,1.054929563143891,1.8980200437391388
2020,KSGS.372043101363101,237.78,72.475344,37.34495,-101.6104,USGS,Southern Kansas,2,2.1,402.783,539.5648571428571,511.47003,1.054929563143891,1.8980200437391388
2000,KSGS.372539100142504,65.97,20.107656,37.42949,-100.2434,USGS,Southern Kansas,2,2.0,831.049,825.8930952380953,605.3369,1.364352769593072,1.7592920721638048
2001,KSGS.372539100142504,68.68,20.933664,37.42949,-100.2434,USGS,Southern Kansas,2,2.0,794.726,825.8930952380953,605.3369,1.364352769593072,1.7592920721638048
2002,KSGS.372539100142504,74.66,22.756368,37.42949,-100.2434,USGS,Southern Kansas,2,2.0,802.783,825.8930952380953,605.3369,1.364352769593072,1.7592920721638048
2003,KSGS.372539100142504,77.68,23.676864,37.42949,-100.2434,USGS,Southern Kansas,2,2.0,825.994,825.8930952380953,605.3369,1.364352769593072,1.7592920721638048
2004,KSGS.372539100142504,79.49,24.228552,37.42949,-100.2434,USGS,Southern Kansas,2,2.0,767.028,825.8930952380953,605.3369,1.364352769593072,1.7592920721638048
2005,KSGS.372539100142504,79.03,24.088344,37.42949,-100.2434,USGS,Southern Kansas,2,2.0,885.016,825.8930952380953,605.3369,1.364352769593072,1.7592920721638048
2006,KSGS.372539100142504,76.73,23.387304,37.42949,-100.2434,USGS,Southern Kansas,2,2.0,815.252,825.8930952380953,605.3369,1.364352769593072,1.7592920721638048
2007,KSGS.372539100142504,75.9,23.13432,37.42949,-100.2434,USGS,Southern Kansas,2,2.0,839.935,825.8930952380953,605.3369,1.364352769593072,1.7592920721638048
2008,KSGS.372539100142504,83.14,25.341072,37.42949,-100.2434,USGS,Southern Kansas,2,2.0,851.757,825.8930952380953,605.3369,1.364352769593072,1.7592920721638048
2009,KSGS.372539100142504,89.28,27.212544,37.42949,-100.2434,USGS,Southern Kansas,2,2.0,834.337,825.8930952380953,605.3369,1.364352769593072,1.7592920721638048
2010,KSGS.372539100142504,94.36,28.760928,37.42949,-100.2434,USGS,Southern Kansas,2,2.0,812.431,825.8930952380953,605.3369,1.364352769593072,1.7592920721638048
2011,KSGS.372539100142504,99.13,30.214824,37.42949,-100.2434,USGS,Southern Kansas,2,2.0,744.055,825.8930952380953,605.3369,1.364352769593072,1.7592920721638048
2012,KSGS.372539100142504,110.94,33.814512,37.42949,-100.2434,USGS,Southern Kansas,2,2.0,771.96,825.8930952380953,605.3369,1.364352769593072,1.7592920721638048
2013,KSGS.372539100142504,115.61,35.237928,37.42949,-100.2434,USGS,Southern Kansas,2,2.0,779.765,825.8930952380953,605.3369,1.364352769593072,1.7592920721638048
2014,KSGS.372539100142504,119.38,36.387024,37.42949,-100.2434,USGS,Southern Kansas,2,2.0,784.417,825.8930952380953,605.3369,1.364352769593072,1.7592920721638048
2015,KSGS.372539100142504,122.245,37.260276,37.42949,-100.2434,USGS,Southern Kansas,2,2.0,902.972,825.8930952380953,605.3369,1.364352769593072,1.7592920721638048
2016,KSGS.372539100142504,122.55,37.35324,37.42949,-100.2434,USGS,Southern Kansas,2,2.0,815.751,825.8930952380953,605.3369,1.364352769593072,1.7592920721638048
2017,KSGS.372539100142504,122.4,37.30752,37.42949,-100.2434,USGS,Southern Kansas,2,2.0,822.409,825.8930952380953,605.3369,1.364352769593072,1.7592920721638048
2018,KSGS.372539100142504,123.6,37.67328,37.42949,-100.2434,USGS,Southern Kansas,2,2.0,866.055,825.8930952380953,605.3369,1.364352769593072,1.7592920721638048
2019,KSGS.372539100142504,124.62,37.984176,37.42949,-100.2434,USGS,Southern Kansas,2,2.0,873.618,825.8930952380953,605.3369,1.364352769593072,1.7592920721638048
2020,KSGS.372539100142504,126.95,38.69436,37.42949,-100.2434,USGS,Southern Kansas,2,2.1,922.445,825.8930952380953,605.3369,1.364352769593072,1.7592920721638048
2000,KSGS.373331098033301,20.15,6.14172,37.56096,-98.058,USGS,Southern Kansas,2,2.0,798.378,842.846,928.1595,0.9080831621562884,1.8607161632467495
2001,KSGS.373331098033301,18.86,5.748528,37.56096,-98.058,USGS,Southern Kansas,2,2.0,752.052,842.846,928.1595,0.9080831621562884,1.8607161632467495
2002,KSGS.373331098033301,19.22,5.858256,37.56096,-98.058,USGS,Southern Kansas,2,2.0,783.045,842.846,928.1595,0.9080831621562884,1.8607161632467495
2003,KSGS.373331098033301,19.44,5.925312,37.56096,-98.058,USGS,Southern Kansas,2,2.0,843.871,842.846,928.1595,0.9080831621562884,1.8607161632467495
2004,KSGS.373331098033301,19.24,5.864352,37.56096,-98.058,USGS,Southern Kansas,2,2.0,822.102,842.846,928.1595,0.9080831621562884,1.8607161632467495
2005,KSGS.373331098033301,19.4,5.91312,37.56096,-98.058,USGS,Southern Kansas,2,2.0,880.511,842.846,928.1595,0.9080831621562884,1.8607161632467495
2006,KSGS.373331098033301,19.34,5.894832,37.56096,-98.058,USGS,Southern Kansas,2,2.0,842.331,842.846,928.1595,0.9080831621562884,1.8607161632467495
2007,KSGS.373331098033301,19.57,5.964936,37.56096,-98.058,USGS,Southern Kansas,2,2.0,854.737,842.846,928.1595,0.9080831621562884,1.8607161632467495
2008,KSGS.373331098033301,18.51,5.641848,37.56096,-98.058,USGS,Southern Kansas,2,2.0,865.461,842.846,928.1595,0.9080831621562884,1.8607161632467495
2009,KSGS.373331098033301,18.34,5.590032,37.56096,-98.058,USGS,Southern Kansas,2,2.0,828.827,842.846,928.1595,0.9080831621562884,1.8607161632467495
2010,KSGS.373331098033301,18.71,5.702808,37.56096,-98.058,USGS,Southern Kansas,2,2.0,851.301,842.846,928.1595,0.9080831621562884,1.8607161632467495
2011,KSGS.373331098033301,19.29,5.879592,37.56096,-98.058,USGS,Southern Kansas,2,2.0,726.998,842.846,928.1595,0.9080831621562884,1.8607161632467495
2012,KSGS.373331098033301,21.65,6.59892,37.56096,-98.058,USGS,Southern Kansas,2,2.0,818.613,842.846,928.1595,0.9080831621562884,1.8607161632467495
2013,KSGS.373331098033301,22.8,6.94944,37.56096,-98.058,USGS,Southern Kansas,2,2.0,920.143,842.846,928.1595,0.9080831621562884,1.8607161632467495
2014,KSGS.373331098033301,22.08,6.729984,37.56096,-98.058,USGS,Southern Kansas,2,2.0,857.314,842.846,928.1595,0.9080831621562884,1.8607161632467495
2015,KSGS.373331098033301,23.65,7.20852,37.56096,-98.058,USGS,Southern Kansas,2,2.0,871.92,842.846,928.1595,0.9080831621562884,1.8607161632467495
2016,KSGS.373331098033301,23.14,7.053072,37.56096,-98.058,USGS,Southern Kansas,2,2.0,942.909,842.846,928.1595,0.9080831621562884,1.8607161632467495
2017,KSGS.373331098033301,22.4,6.82752,37.56096,-98.058,USGS,Southern Kansas,2,2.0,877.604,842.846,928.1595,0.9080831621562884,1.8607161632467495
2018,KSGS.373331098033301,22.82,6.955536,37.56096,-98.058,USGS,Southern Kansas,2,2.0,849.496,842.846,928.1595,0.9080831621562884,1.8607161632467495
2019,KSGS.373331098033301,21.65,6.59892,37.56096,-98.058,USGS,Southern Kansas,2,2.0,807.351,842.846,928.1595,0.9080831621562884,1.8607161632467495
2020,KSGS.373331098033301,21.44,6.534912,37.56096,-98.058,USGS,Southern Kansas,2,2.1,904.802,842.846,928.1595,0.9080831621562884,1.8607161632467495
2000,KSGS.373607100565301,380.865,116.087652,37.59874,-100.9497,USGS,Southern Kansas,2,2.0,721.992,628.9594285714286,523.9862,1.2003358510276991,1.8702666980996763
2001,KSGS.373607100565301,382.68,116.640864,37.59874,-100.9497,USGS,Southern Kansas,2,2.0,641.282,628.9594285714286,523.9862,1.2003358510276991,1.8702666980996763
2002,KSGS.373607100565301,385.21,117.412008,37.59874,-100.9497,USGS,Southern Kansas,2,2.0,639.617,628.9594285714286,523.9862,1.2003358510276991,1.8702666980996763
2003,KSGS.373607100565301,389.05,118.58244,37.59874,-100.9497,USGS,Southern Kansas,2,2.0,656.353,628.9594285714286,523.9862,1.2003358510276991,1.8702666980996763
2004,KSGS.373607100565301,390.1,118.90248,37.59874,-100.9497,USGS,Southern Kansas,2,2.0,576.223,628.9594285714286,523.9862,1.2003358510276991,1.8702666980996763
2005,KSGS.373607100565301,391.29,119.265192,37.59874,-100.9497,USGS,Southern Kansas,2,2.0,697.347,628.9594285714286,523.9862,1.2003358510276991,1.8702666980996763
2006,KSGS.373607100565301,390.58,119.048784,37.59874,-100.9497,USGS,Southern Kansas,2,2.0,458.323,628.9594285714286,523.9862,1.2003358510276991,1.8702666980996763
2007,KSGS.373607100565301,393.6,119.96928,37.59874,-100.9497,USGS,Southern Kansas,2,2.0,729.789,628.9594285714286,523.9862,1.2003358510276991,1.8702666980996763
2008,KSGS.373607100565301,393.69,119.996712,37.59874,-100.9497,USGS,Southern Kansas,2,2.0,507.091,628.9594285714286,523.9862,1.2003358510276991,1.8702666980996763
2009,KSGS.373607100565301,396.49,120.850152,37.59874,-100.9497,USGS,Southern Kansas,2,2.0,624.462,628.9594285714286,523.9862,1.2003358510276991,1.8702666980996763
2010,KSGS.373607100565301,398.76,121.542048,37.59874,-100.9497,USGS,Southern Kansas,2,2.0,615.115,628.9594285714286,523.9862,1.2003358510276991,1.8702666980996763
2011,KSGS.373607100565301,401.25,122.301,37.59874,-100.9497,USGS,Southern Kansas,2,2.0,388.657,628.9594285714286,523.9862,1.2003358510276991,1.8702666980996763
2012,KSGS.373607100565301,406.43,123.879864,37.59874,-100.9497,USGS,Southern Kansas,2,2.0,508.762,628.9594285714286,523.9862,1.2003358510276991,1.8702666980996763
2013,KSGS.373607100565301,408.64,124.553472,37.59874,-100.9497,USGS,Southern Kansas,2,2.0,543.804,628.9594285714286,523.9862,1.2003358510276991,1.8702666980996763
2014,KSGS.373607100565301,409.71,124.879608,37.59874,-100.9497,USGS,Southern Kansas,2,2.0,576.804,628.9594285714286,523.9862,1.2003358510276991,1.8702666980996763
2015,KSGS.373607100565301,413.2,125.94336,37.59874,-100.9497,USGS,Southern Kansas,2,2.0,744.494,628.9594285714286,523.9862,1.2003358510276991,1.8702666980996763
2016,KSGS.373607100565301,412.59,125.757432,37.59874,-100.9497,USGS,Southern Kansas,2,2.0,745.744,628.9594285714286,523.9862,1.2003358510276991,1.8702666980996763
2017,KSGS.373607100565301,413.23,125.952504,37.59874,-100.9497,USGS,Southern Kansas,2,2.0,651.857,628.9594285714286,523.9862,1.2003358510276991,1.8702666980996763
2018,KSGS.373607100565301,415.94,126.778512,37.59874,-100.9497,USGS,Southern Kansas,2,2.0,728.962,628.9594285714286,523.9862,1.2003358510276991,1.8702666980996763
2019,KSGS.373607100565301,417.43,127.232664,37.59874,-100.9497,USGS,Southern Kansas,2,2.0,694.285,628.9594285714286,523.9862,1.2003358510276991,1.8702666980996763
2020,KSGS.373607100565301,418.91,127.683768,37.59874,-100.9497,USGS,Southern Kansas,2,2.1,757.185,628.9594285714286,523.9862,1.2003358510276991,1.8702666980996763
2000,KSGS.374111099070401,32.2,9.81456,37.68448,-99.11925,USGS,Southern Kansas,2,2.0,808.483,783.7018095238096,737.7849,1.062236156718298,1.8481460208516598
2001,KSGS.374111099070401,32.14,9.796272,37.68448,-99.11925,USGS,Southern Kansas,2,2.0,703.693,783.7018095238096,737.7849,1.062236156718298,1.8481460208516598
2002,KSGS.374111099070401,33.53,10.219944,37.68448,-99.11925,USGS,Southern Kansas,2,2.0,794.624,783.7018095238096,737.7849,1.062236156718298,1.8481460208516598
2003,KSGS.374111099070401,35.78,10.905744,37.68448,-99.11925,USGS,Southern Kansas,2,2.0,734.828,783.7018095238096,737.7849,1.062236156718298,1.8481460208516598
2004,KSGS.374111099070401,37.57,11.451336,37.68448,-99.11925,USGS,Southern Kansas,2,2.0,759.935,783.7018095238096,737.7849,1.062236156718298,1.8481460208516598
2005,KSGS.374111099070401,38.78,11.820144,37.68448,-99.11925,USGS,Southern Kansas,2,2.0,755.274,783.7018095238096,737.7849,1.062236156718298,1.8481460208516598
2006,KSGS.374111099070401,38.9,11.85672,37.68448,-99.11925,USGS,Southern Kansas,2,2.0,766.966,783.7018095238096,737.7849,1.062236156718298,1.8481460208516598
2007,KSGS.374111099070401,41.525,12.65682,37.68448,-99.11925,USGS,Southern Kansas,2,2.0,846.313,783.7018095238096,737.7849,1.062236156718298,1.8481460208516598
2008,KSGS.374111099070401,39.93,12.170664,37.68448,-99.11925,USGS,Southern Kansas,2,2.0,730.286,783.7018095238096,737.7849,1.062236156718298,1.8481460208516598
2009,KSGS.374111099070401,38.57,11.756136,37.68448,-99.11925,USGS,Southern Kansas,2,2.0,755.51,783.7018095238096,737.7849,1.062236156718298,1.8481460208516598
2010,KSGS.374111099070401,37.81,11.524488,37.68448,-99.11925,USGS,Southern Kansas,2,2.0,861.857,783.7018095238096,737.7849,1.062236156718298,1.8481460208516598
2011,KSGS.374111099070401,38.55,11.75004,37.68448,-99.11925,USGS,Southern Kansas,2,2.0,761.001,783.7018095238096,737.7849,1.062236156718298,1.8481460208516598
2012,KSGS.374111099070401,41.22,12.563856,37.68448,-99.11925,USGS,Southern Kansas,2,2.0,814.137,783.7018095238096,737.7849,1.062236156718298,1.8481460208516598
2013,KSGS.374111099070401,42.61,12.987528,37.68448,-99.11925,USGS,Southern Kansas,2,2.0,817.78,783.7018095238096,737.7849,1.062236156718298,1.8481460208516598
2014,KSGS.374111099070401,42.88,13.069824,37.68448,-99.11925,USGS,Southern Kansas,2,2.0,822.217,783.7018095238096,737.7849,1.062236156718298,1.8481460208516598
2015,KSGS.374111099070401,43.57,13.280136,37.68448,-99.11925,USGS,Southern Kansas,2,2.0,739.603,783.7018095238096,737.7849,1.062236156718298,1.8481460208516598
2016,KSGS.374111099070401,44.1,13.44168,37.68448,-99.11925,USGS,Southern Kansas,2,2.0,832.085,783.7018095238096,737.7849,1.062236156718298,1.8481460208516598
2017,KSGS.374111099070401,44.46,13.551408,37.68448,-99.11925,USGS,Southern Kansas,2,2.0,760.046,783.7018095238096,737.7849,1.062236156718298,1.8481460208516598
2018,KSGS.374111099070401,45.0,13.716,37.68448,-99.11925,USGS,Southern Kansas,2,2.0,825.389,783.7018095238096,737.7849,1.062236156718298,1.8481460208516598
2019,KSGS.374111099070401,43.57,13.280136,37.68448,-99.11925,USGS,Southern Kansas,2,2.0,786.627,783.7018095238096,737.7849,1.062236156718298,1.8481460208516598
2020,KSGS.374111099070401,42.68,13.008864,37.68448,-99.11925,USGS,Southern Kansas,2,2.1,781.084,783.7018095238096,737.7849,1.062236156718298,1.8481460208516598
2000,KSGS.374125100344101,152.38,46.445424,37.69024,-100.5795,USGS,Southern Kansas,2,2.0,734.681,729.8463333333333,576.21246,1.2666271205824309,1.726987618996077
2001,KSGS.374125100344101,157.46,47.993808,37.69024,-100.5795,USGS,Southern Kansas,2,2.0,749.446,729.8463333333333,576.21246,1.2666271205824309,1.726987618996077
2002,KSGS.374125100344101,161.79,49.313592,37.69024,-100.5795,USGS,Southern Kansas,2,2.0,772.36,729.8463333333333,576.21246,1.2666271205824309,1.726987618996077
2003,KSGS.374125100344101,168.98,51.505104,37.69024,-100.5795,USGS,Southern Kansas,2,2.0,712.783,729.8463333333333,576.21246,1.2666271205824309,1.726987618996077
2004,KSGS.374125100344101,174.76,53.266848,37.69024,-100.5795,USGS,Southern Kansas,2,2.0,677.082,729.8463333333333,576.21246,1.2666271205824309,1.726987618996077
2005,KSGS.374125100344101,180.21,54.928008,37.69024,-100.5795,USGS,Southern Kansas,2,2.0,801.772,729.8463333333333,576.21246,1.2666271205824309,1.726987618996077
2006,KSGS.374125100344101,186.38,56.808624,37.69024,-100.5795,USGS,Southern Kansas,2,2.0,688.559,729.8463333333333,576.21246,1.2666271205824309,1.726987618996077
2007,KSGS.374125100344101,193.52,58.984896,37.69024,-100.5795,USGS,Southern Kansas,2,2.0,780.012,729.8463333333333,576.21246,1.2666271205824309,1.726987618996077
2008,KSGS.374125100344101,199.385,60.772548,37.69024,-100.5795,USGS,Southern Kansas,2,2.0,721.374,729.8463333333333,576.21246,1.2666271205824309,1.726987618996077
2009,KSGS.374125100344101,205.82,62.733936,37.69024,-100.5795,USGS,Southern Kansas,2,2.0,729.211,729.8463333333333,576.21246,1.2666271205824309,1.726987618996077
2010,KSGS.374125100344101,212.69,64.827912,37.69024,-100.5795,USGS,Southern Kansas,2,2.0,671.269,729.8463333333333,576.21246,1.2666271205824309,1.726987618996077
2011,KSGS.374125100344101,222.47,67.808856,37.69024,-100.5795,USGS,Southern Kansas,2,2.0,585.664,729.8463333333333,576.21246,1.2666271205824309,1.726987618996077
2012,KSGS.374125100344101,233.015,71.022972,37.69024,-100.5795,USGS,Southern Kansas,2,2.0,640.151,729.8463333333333,576.21246,1.2666271205824309,1.726987618996077
2013,KSGS.374125100344101,238.025,72.55002,37.69024,-100.5795,USGS,Southern Kansas,2,2.0,627.536,729.8463333333333,576.21246,1.2666271205824309,1.726987618996077
2014,KSGS.374125100344101,241.99,73.758552,37.69024,-100.5795,USGS,Southern Kansas,2,2.0,734.772,729.8463333333333,576.21246,1.2666271205824309,1.726987618996077
2015,KSGS.374125100344101,245.54,74.840592,37.69024,-100.5795,USGS,Southern Kansas,2,2.0,804.379,729.8463333333333,576.21246,1.2666271205824309,1.726987618996077
2016,KSGS.374125100344101,245.945,74.964036,37.69024,-100.5795,USGS,Southern Kansas,2,2.0,778.362,729.8463333333333,576.21246,1.2666271205824309,1.726987618996077
2017,KSGS.374125100344101,247.865,75.549252,37.69024,-100.5795,USGS,Southern Kansas,2,2.0,788.567,729.8463333333333,576.21246,1.2666271205824309,1.726987618996077
2018,KSGS.374125100344101,248.83,75.843384,37.69024,-100.5795,USGS,Southern Kansas,2,2.0,781.584,729.8463333333333,576.21246,1.2666271205824309,1.726987618996077
2019,KSGS.374125100344101,251.02,76.510896,37.69024,-100.5795,USGS,Southern Kansas,2,2.0,752.634,729.8463333333333,576.21246,1.2666271205824309,1.726987618996077
2020,KSGS.374125100344101,251.09,76.532232,37.69024,-100.5795,USGS,Southern Kansas,2,2.1,794.575,729.8463333333333,576.21246,1.2666271205824309,1.726987618996077
2000,KSGS.374747100552101,158.37,48.271176,37.79492,-100.9225,USGS,Southern Kansas,2,2.0,879.796,867.5765714285715,526.28046,1.6485061541663713,1.8209405326564436
2001,KSGS.374747100552101,163.64,49.877472,37.79492,-100.9225,USGS,Southern Kansas,2,2.0,885.15,867.5765714285715,526.28046,1.6485061541663713,1.8209405326564436
2002,KSGS.374747100552101,168.24,51.279552,37.79492,-100.9225,USGS,Southern Kansas,2,2.0,900.467,867.5765714285715,526.28046,1.6485061541663713,1.8209405326564436
2003,KSGS.374747100552101,176.19,53.702712,37.79492,-100.9225,USGS,Southern Kansas,2,2.0,856.803,867.5765714285715,526.28046,1.6485061541663713,1.8209405326564436
2004,KSGS.374747100552101,182.89,55.744872,37.79492,-100.9225,USGS,Southern Kansas,2,2.0,803.488,867.5765714285715,526.28046,1.6485061541663713,1.8209405326564436
2005,KSGS.374747100552101,187.98,57.296304,37.79492,-100.9225,USGS,Southern Kansas,2,2.0,914.022,867.5765714285715,526.28046,1.6485061541663713,1.8209405326564436
2006,KSGS.374747100552101,193.2,58.88736,37.79492,-100.9225,USGS,Southern Kansas,2,2.0,819.863,867.5765714285715,526.28046,1.6485061541663713,1.8209405326564436
2007,KSGS.374747100552101,199.8,60.89904,37.79492,-100.9225,USGS,Southern Kansas,2,2.0,844.55,867.5765714285715,526.28046,1.6485061541663713,1.8209405326564436
2008,KSGS.374747100552101,204.7,62.39256,37.79492,-100.9225,USGS,Southern Kansas,2,2.0,866.224,867.5765714285715,526.28046,1.6485061541663713,1.8209405326564436
2009,KSGS.374747100552101,211.2,64.37376,37.79492,-100.9225,USGS,Southern Kansas,2,2.0,806.295,867.5765714285715,526.28046,1.6485061541663713,1.8209405326564436
2010,KSGS.374747100552101,217.55,66.30924,37.79492,-100.9225,USGS,Southern Kansas,2,2.0,795.102,867.5765714285715,526.28046,1.6485061541663713,1.8209405326564436
2011,KSGS.374747100552101,224.2,68.33616,37.79492,-100.9225,USGS,Southern Kansas,2,2.0,827.922,867.5765714285715,526.28046,1.6485061541663713,1.8209405326564436
2012,KSGS.374747100552101,232.6,70.89648,37.79492,-100.9225,USGS,Southern Kansas,2,2.0,882.554,867.5765714285715,526.28046,1.6485061541663713,1.8209405326564436
2013,KSGS.374747100552101,239.5,72.9996,37.79492,-100.9225,USGS,Southern Kansas,2,2.0,875.904,867.5765714285715,526.28046,1.6485061541663713,1.8209405326564436
2014,KSGS.374747100552101,245.5,74.8284,37.79492,-100.9225,USGS,Southern Kansas,2,2.0,910.899,867.5765714285715,526.28046,1.6485061541663713,1.8209405326564436
2015,KSGS.374747100552101,252.3,76.90104,37.79492,-100.9225,USGS,Southern Kansas,2,2.0,865.021,867.5765714285715,526.28046,1.6485061541663713,1.8209405326564436
2016,KSGS.374747100552101,255.38,77.839824,37.79492,-100.9225,USGS,Southern Kansas,2,2.0,870.042,867.5765714285715,526.28046,1.6485061541663713,1.8209405326564436
2017,KSGS.374747100552101,258.52,78.796896,37.79492,-100.9225,USGS,Southern Kansas,2,2.0,880.888,867.5765714285715,526.28046,1.6485061541663713,1.8209405326564436
2018,KSGS.374747100552101,260.31,79.342488,37.79492,-100.9225,USGS,Southern Kansas,2,2.0,873.96,867.5765714285715,526.28046,1.6485061541663713,1.8209405326564436
2019,KSGS.374747100552101,264.1,80.49768,37.79492,-100.9225,USGS,Southern Kansas,2,2.0,904.478,867.5765714285715,526.28046,1.6485061541663713,1.8209405326564436
2020,KSGS.374747100552101,304.51,92.814648,37.79492,-100.9225,USGS,Southern Kansas,2,2.1,955.68,867.5765714285715,526.28046,1.6485061541663713,1.8209405326564436
2000,KSGS.375145100485701,126.71,38.621208,37.86209,-100.8179,USGS,Southern Kansas,2,2.0,922.848,877.8928095238095,531.41736,1.6519836916309334,1.8649223496086822
2001,KSGS.375145100485701,129.05,39.33444,37.86209,-100.8179,USGS,Southern Kansas,2,2.0,837.491,877.8928095238095,531.41736,1.6519836916309334,1.8649223496086822
2002,KSGS.375145100485701,131.62,40.117776,37.86209,-100.8179,USGS,Southern Kansas,2,2.0,874.455,877.8928095238095,531.41736,1.6519836916309334,1.8649223496086822
2003,KSGS.375145100485701,135.64,41.343072,37.86209,-100.8179,USGS,Southern Kansas,2,2.0,869.345,877.8928095238095,531.41736,1.6519836916309334,1.8649223496086822
2004,KSGS.375145100485701,139.16,42.415968,37.86209,-100.8179,USGS,Southern Kansas,2,2.0,877.555,877.8928095238095,531.41736,1.6519836916309334,1.8649223496086822
2005,KSGS.375145100485701,140.8,42.91584,37.86209,-100.8179,USGS,Southern Kansas,2,2.0,888.469,877.8928095238095,531.41736,1.6519836916309334,1.8649223496086822
2006,KSGS.375145100485701,144.18,43.946064,37.86209,-100.8179,USGS,Southern Kansas,2,2.0,735.002,877.8928095238095,531.41736,1.6519836916309334,1.8649223496086822
2007,KSGS.375145100485701,146.5,44.6532,37.86209,-100.8179,USGS,Southern Kansas,2,2.0,804.818,877.8928095238095,531.41736,1.6519836916309334,1.8649223496086822
2008,KSGS.375145100485701,149.65,45.61332,37.86209,-100.8179,USGS,Southern Kansas,2,2.0,870.463,877.8928095238095,531.41736,1.6519836916309334,1.8649223496086822
2009,KSGS.375145100485701,154.0,46.9392,37.86209,-100.8179,USGS,Southern Kansas,2,2.0,835.682,877.8928095238095,531.41736,1.6519836916309334,1.8649223496086822
2010,KSGS.375145100485701,160.0,48.768,37.86209,-100.8179,USGS,Southern Kansas,2,2.0,842.002,877.8928095238095,531.41736,1.6519836916309334,1.8649223496086822
2011,KSGS.375145100485701,167.85,51.16068,37.86209,-100.8179,USGS,Southern Kansas,2,2.0,837.764,877.8928095238095,531.41736,1.6519836916309334,1.8649223496086822
2012,KSGS.375145100485701,172.7,52.63896,37.86209,-100.8179,USGS,Southern Kansas,2,2.0,865.088,877.8928095238095,531.41736,1.6519836916309334,1.8649223496086822
2013,KSGS.375145100485701,175.0,53.34,37.86209,-100.8179,USGS,Southern Kansas,2,2.0,862.539,877.8928095238095,531.41736,1.6519836916309334,1.8649223496086822
2014,KSGS.375145100485701,180.3,54.95544,37.86209,-100.8179,USGS,Southern Kansas,2,2.0,916.801,877.8928095238095,531.41736,1.6519836916309334,1.8649223496086822
2015,KSGS.375145100485701,186.0,56.6928,37.86209,-100.8179,USGS,Southern Kansas,2,2.0,967.805,877.8928095238095,531.41736,1.6519836916309334,1.8649223496086822
2016,KSGS.375145100485701,189.32,57.704736,37.86209,-100.8179,USGS,Southern Kansas,2,2.0,934.93,877.8928095238095,531.41736,1.6519836916309334,1.8649223496086822
2017,KSGS.375145100485701,192.12,58.558176,37.86209,-100.8179,USGS,Southern Kansas,2,2.0,841.096,877.8928095238095,531.41736,1.6519836916309334,1.8649223496086822
2018,KSGS.375145100485701,195.0,59.436,37.86209,-100.8179,USGS,Southern Kansas,2,2.0,938.628,877.8928095238095,531.41736,1.6519836916309334,1.8649223496086822
2019,KSGS.375145100485701,197.63,60.237624,37.86209,-100.8179,USGS,Southern Kansas,2,2.0,929.966,877.8928095238095,531.41736,1.6519836916309334,1.8649223496086822
2020,KSGS.375145100485701,200.62,61.148976,37.86209,-100.8179,USGS,Southern Kansas,2,2.1,983.002,877.8928095238095,531.41736,1.6519836916309334,1.8649223496086822
2000,KSGS.375454101075401,123.72,37.709856,37.91572,-101.1306,USGS,Southern Kansas,2,2.0,906.443,925.517380952381,532.6992,1.7374108096575485,1.7391502588313668
2001,KSGS.375454101075401,129.2,39.38016,37.91572,-101.1306,USGS,Southern Kansas,2,2.0,993.605,925.517380952381,532.6992,1.7374108096575485,1.7391502588313668
2002,KSGS.375454101075401,133.16,40.587168,37.91572,-101.1306,USGS,Southern Kansas,2,2.0,933.078,925.517380952381,532.6992,1.7374108096575485,1.7391502588313668
2003,KSGS.375454101075401,139.622,42.5567856,37.91572,-101.1306,USGS,Southern Kansas,2,2.0,1040.862,925.517380952381,532.6992,1.7374108096575485,1.7391502588313668
2004,KSGS.375454101075401,147.6633333,45.00778399,37.91572,-101.1306,USGS,Southern Kansas,2,2.0,889.606,925.517380952381,532.6992,1.7374108096575485,1.7391502588313668
2005,KSGS.375454101075401,150.8875,45.99051,37.91572,-101.1306,USGS,Southern Kansas,2,2.0,997.606,925.517380952381,532.6992,1.7374108096575485,1.7391502588313668
2006,KSGS.375454101075401,154.33,47.039784,37.91572,-101.1306,USGS,Southern Kansas,2,2.0,900.082,925.517380952381,532.6992,1.7374108096575485,1.7391502588313668
2007,KSGS.375454101075401,158.59,48.338232,37.91572,-101.1306,USGS,Southern Kansas,2,2.0,950.243,925.517380952381,532.6992,1.7374108096575485,1.7391502588313668
2008,KSGS.375454101075401,162.9333333,49.66207999,37.91572,-101.1306,USGS,Southern Kansas,2,2.0,879.688,925.517380952381,532.6992,1.7374108096575485,1.7391502588313668
2009,KSGS.375454101075401,170.7025,52.030122,37.91572,-101.1306,USGS,Southern Kansas,2,2.0,794.596,925.517380952381,532.6992,1.7374108096575485,1.7391502588313668
2010,KSGS.375454101075401,174.1933333,53.09412799,37.91572,-101.1306,USGS,Southern Kansas,2,2.0,819.329,925.517380952381,532.6992,1.7374108096575485,1.7391502588313668
2011,KSGS.375454101075401,177.93,54.233064,37.91572,-101.1306,USGS,Southern Kansas,2,2.0,846.29,925.517380952381,532.6992,1.7374108096575485,1.7391502588313668
2012,KSGS.375454101075401,185.385,56.505348,37.91572,-101.1306,USGS,Southern Kansas,2,2.0,852.625,925.517380952381,532.6992,1.7374108096575485,1.7391502588313668
2013,KSGS.375454101075401,191.3866667,58.33465601,37.91572,-101.1306,USGS,Southern Kansas,2,2.0,925.308,925.517380952381,532.6992,1.7374108096575485,1.7391502588313668
2014,KSGS.375454101075401,197.0333333,60.05575999,37.91572,-101.1306,USGS,Southern Kansas,2,2.0,1007.915,925.517380952381,532.6992,1.7374108096575485,1.7391502588313668
2015,KSGS.375454101075401,203.5133333,62.03086399,37.91572,-101.1306,USGS,Southern Kansas,2,2.0,937.856,925.517380952381,532.6992,1.7374108096575485,1.7391502588313668
2016,KSGS.375454101075401,210.285,64.094868,37.91572,-101.1306,USGS,Southern Kansas,2,2.0,991.448,925.517380952381,532.6992,1.7374108096575485,1.7391502588313668
2017,KSGS.375454101075401,215.3366667,65.63461601,37.91572,-101.1306,USGS,Southern Kansas,2,2.0,895.53,925.517380952381,532.6992,1.7374108096575485,1.7391502588313668
2018,KSGS.375454101075401,216.5025,65.989962,37.91572,-101.1306,USGS,Southern Kansas,2,2.0,973.163,925.517380952381,532.6992,1.7374108096575485,1.7391502588313668
2019,KSGS.375454101075401,216.6733333,66.04203199,37.91572,-101.1306,USGS,Southern Kansas,2,2.0,886.986,925.517380952381,532.6992,1.7374108096575485,1.7391502588313668
2020,KSGS.375454101075401,218.645,66.642996,37.91572,-101.1306,USGS,Southern Kansas,2,2.1,1013.606,925.517380952381,532.6992,1.7374108096575485,1.7391502588313668
2000,TWDB.0753701,247.89,75.556872,35.16,-102.4886,USGS,Western Texas,2,2.0,552.477,603.942619047619,507.4433,1.1901676916878858,1.6812865939405601
2001,TWDB.0753701,248.03,75.599544,35.16,-102.4886,USGS,Western Texas,2,2.0,698.383,603.942619047619,507.4433,1.1901676916878858,1.6812865939405601
2002,TWDB.0753701,247.24,75.358752,35.16,-102.4886,USGS,Western Texas,2,2.0,426.784,603.942619047619,507.4433,1.1901676916878858,1.6812865939405601
2003,TWDB.0753701,247.94,75.572112,35.16,-102.4886,USGS,Western Texas,2,2.0,578.448,603.942619047619,507.4433,1.1901676916878858,1.6812865939405601
2004,TWDB.0753701,247.58,75.462384,35.16,-102.4886,USGS,Western Texas,2,2.0,618.06,603.942619047619,507.4433,1.1901676916878858,1.6812865939405601
2005,TWDB.0753701,247.85,75.54468,35.16,-102.4886,USGS,Western Texas,2,2.0,776.29,603.942619047619,507.4433,1.1901676916878858,1.6812865939405601
2006,TWDB.0753701,248.41,75.715368,35.16,-102.4886,USGS,Western Texas,2,2.0,568.123,603.942619047619,507.4433,1.1901676916878858,1.6812865939405601
2007,TWDB.0753701,248.77,75.825096,35.16,-102.4886,USGS,Western Texas,2,2.0,734.743,603.942619047619,507.4433,1.1901676916878858,1.6812865939405601
2008,TWDB.0753701,249.19,75.953112,35.16,-102.4886,USGS,Western Texas,2,2.0,541.026,603.942619047619,507.4433,1.1901676916878858,1.6812865939405601
2009,TWDB.0753701,249.37,76.007976,35.16,-102.4886,USGS,Western Texas,2,2.0,680.796,603.942619047619,507.4433,1.1901676916878858,1.6812865939405601
2010,TWDB.0753701,249.95,76.18476,35.16,-102.4886,USGS,Western Texas,2,2.0,644.424,603.942619047619,507.4433,1.1901676916878858,1.6812865939405601
2011,TWDB.0753701,250.26,76.279248,35.16,-102.4886,USGS,Western Texas,2,2.0,353.896,603.942619047619,507.4433,1.1901676916878858,1.6812865939405601
2012,TWDB.0753701,250.65,76.39812,35.16,-102.4886,USGS,Western Texas,2,2.0,423.872,603.942619047619,507.4433,1.1901676916878858,1.6812865939405601
2013,TWDB.0753701,251.18,76.559664,35.16,-102.4886,USGS,Western Texas,2,2.0,500.892,603.942619047619,507.4433,1.1901676916878858,1.6812865939405601
2014,TWDB.0753701,251.47,76.648056,35.16,-102.4886,USGS,Western Texas,2,2.0,497.59,603.942619047619,507.4433,1.1901676916878858,1.6812865939405601
2015,TWDB.0753701,254.23,77.489304,35.16,-102.4886,USGS,Western Texas,2,2.0,812.241,603.942619047619,507.4433,1.1901676916878858,1.6812865939405601
2016,TWDB.0753701,254.07,77.440536,35.16,-102.4886,USGS,Western Texas,2,2.0,688.383,603.942619047619,507.4433,1.1901676916878858,1.6812865939405601
2017,TWDB.0753701,255.24,77.797152,35.16,-102.4886,USGS,Western Texas,2,2.0,674.783,603.942619047619,507.4433,1.1901676916878858,1.6812865939405601
2018,TWDB.0753701,256.76,78.260448,35.16,-102.4886,USGS,Western Texas,2,2.0,598.363,603.942619047619,507.4433,1.1901676916878858,1.6812865939405601
2019,TWDB.0753701,257.66,78.534768,35.16,-102.4886,USGS,Western Texas,2,2.0,715.163,603.942619047619,507.4433,1.1901676916878858,1.6812865939405601
2020,TWDB.0753701,258.67,78.842616,35.16,-102.4886,USGS,Western Texas,2,2.1,598.058,603.942619047619,507.4433,1.1901676916878858,1.6812865939405601
2000,TWDB.1005225,274.57,83.688936,34.97,-102.4381,USGS,Western Texas,2,2.0,838.868,797.6854761904763,533.5949,1.4949270724618395,1.750524940179723
2001,TWDB.1005225,275.16,83.868768,34.97,-102.4381,USGS,Western Texas,2,2.0,759.527,797.6854761904763,533.5949,1.4949270724618395,1.750524940179723
2002,TWDB.1005225,275.39,83.938872,34.97,-102.4381,USGS,Western Texas,2,2.0,711.352,797.6854761904763,533.5949,1.4949270724618395,1.750524940179723
2003,TWDB.1005225,276.41,84.249768,34.97,-102.4381,USGS,Western Texas,2,2.0,734.464,797.6854761904763,533.5949,1.4949270724618395,1.750524940179723
2004,TWDB.1005225,280.5,85.4964,34.97,-102.4381,USGS,Western Texas,2,2.0,837.938,797.6854761904763,533.5949,1.4949270724618395,1.750524940179723
2005,TWDB.1005225,278.01,84.737448,34.97,-102.4381,USGS,Western Texas,2,2.0,947.644,797.6854761904763,533.5949,1.4949270724618395,1.750524940179723
2006,TWDB.1005225,278.69,84.944712,34.97,-102.4381,USGS,Western Texas,2,2.0,763.204,797.6854761904763,533.5949,1.4949270724618395,1.750524940179723
2007,TWDB.1005225,279.34,85.142832,34.97,-102.4381,USGS,Western Texas,2,2.0,912.422,797.6854761904763,533.5949,1.4949270724618395,1.750524940179723
2008,TWDB.1005225,280.15,85.38972,34.97,-102.4381,USGS,Western Texas,2,2.0,742.931,797.6854761904763,533.5949,1.4949270724618395,1.750524940179723
2009,TWDB.1005225,284.98,86.861904,34.97,-102.4381,USGS,Western Texas,2,2.0,910.985,797.6854761904763,533.5949,1.4949270724618395,1.750524940179723
2010,TWDB.1005225,285.86,87.130128,34.97,-102.4381,USGS,Western Texas,2,2.0,800.89,797.6854761904763,533.5949,1.4949270724618395,1.750524940179723
2011,TWDB.1005225,288.19,87.840312,34.97,-102.4381,USGS,Western Texas,2,2.0,624.875,797.6854761904763,533.5949,1.4949270724618395,1.750524940179723
2012,TWDB.1005225,288.42,87.910416,34.97,-102.4381,USGS,Western Texas,2,2.0,612.576,797.6854761904763,533.5949,1.4949270724618395,1.750524940179723
2013,TWDB.1005225,293.05,89.32164,34.97,-102.4381,USGS,Western Texas,2,2.0,827.197,797.6854761904763,533.5949,1.4949270724618395,1.750524940179723
2014,TWDB.1005225,294.42,89.739216,34.97,-102.4381,USGS,Western Texas,2,2.0,746.958,797.6854761904763,533.5949,1.4949270724618395,1.750524940179723
2015,TWDB.1005225,295.25,89.9922,34.97,-102.4381,USGS,Western Texas,2,2.0,814.212,797.6854761904763,533.5949,1.4949270724618395,1.750524940179723
2016,TWDB.1005225,293.97,89.602056,34.97,-102.4381,USGS,Western Texas,2,2.0,804.18,797.6854761904763,533.5949,1.4949270724618395,1.750524940179723
2017,TWDB.1005225,296.55,90.38844,34.97,-102.4381,USGS,Western Texas,2,2.0,892.204,797.6854761904763,533.5949,1.4949270724618395,1.750524940179723
2018,TWDB.1005225,295.88,90.184224,34.97,-102.4381,USGS,Western Texas,2,2.0,739.485,797.6854761904763,533.5949,1.4949270724618395,1.750524940179723
2019,TWDB.1005225,298.49,90.979752,34.97,-102.4381,USGS,Western Texas,2,2.0,941.943,797.6854761904763,533.5949,1.4949270724618395,1.750524940179723
2020,TWDB.1005225,298.78,91.068144,34.97,-102.4381,USGS,Western Texas,2,2.1,787.54,797.6854761904763,533.5949,1.4949270724618395,1.750524940179723
2000,TWDB.1038101,268.55,81.85404,34.46,-102.3522,USGS,Western Texas,2,2.0,990.743,939.5445714285715,576.47266,1.6298163689851015,1.8196661198580104
2001,TWDB.1038101,273.98,83.509104,34.46,-102.3522,USGS,Western Texas,2,2.0,915.848,939.5445714285715,576.47266,1.6298163689851015,1.8196661198580104
2002,TWDB.1038101,276.25,84.201,34.46,-102.3522,USGS,Western Texas,2,2.0,858.517,939.5445714285715,576.47266,1.6298163689851015,1.8196661198580104
2003,TWDB.1038101,282.29,86.041992,34.46,-102.3522,USGS,Western Texas,2,2.0,980.213,939.5445714285715,576.47266,1.6298163689851015,1.8196661198580104
2004,TWDB.1038101,286.08,87.197184,34.46,-102.3522,USGS,Western Texas,2,2.0,931.891,939.5445714285715,576.47266,1.6298163689851015,1.8196661198580104
2005,TWDB.1038101,287.66,87.678768,34.46,-102.3522,USGS,Western Texas,2,2.0,1034.201,939.5445714285715,576.47266,1.6298163689851015,1.8196661198580104
2006,TWDB.1038101,289.05,88.10244,34.46,-102.3522,USGS,Western Texas,2,2.0,859.146,939.5445714285715,576.47266,1.6298163689851015,1.8196661198580104
2007,TWDB.1038101,291.69,88.907112,34.46,-102.3522,USGS,Western Texas,2,2.0,940.599,939.5445714285715,576.47266,1.6298163689851015,1.8196661198580104
2008,TWDB.1038101,297.85,90.78468,34.46,-102.3522,USGS,Western Texas,2,2.0,861.074,939.5445714285715,576.47266,1.6298163689851015,1.8196661198580104
2009,TWDB.1038101,303.89,92.625672,34.46,-102.3522,USGS,Western Texas,2,2.0,982.468,939.5445714285715,576.47266,1.6298163689851015,1.8196661198580104
2010,TWDB.1038101,305.65,93.16212,34.46,-102.3522,USGS,Western Texas,2,2.0,930.747,939.5445714285715,576.47266,1.6298163689851015,1.8196661198580104
2011,TWDB.1038101,310.52,94.646496,34.46,-102.3522,USGS,Western Texas,2,2.0,840.969,939.5445714285715,576.47266,1.6298163689851015,1.8196661198580104
2012,TWDB.1038101,316.66,96.517968,34.46,-102.3522,USGS,Western Texas,2,2.0,954.419,939.5445714285715,576.47266,1.6298163689851015,1.8196661198580104
2013,TWDB.1038101,322.6,98.32848,34.46,-102.3522,USGS,Western Texas,2,2.0,961.136,939.5445714285715,576.47266,1.6298163689851015,1.8196661198580104
2014,TWDB.1038101,328.88,100.242624,34.46,-102.3522,USGS,Western Texas,2,2.0,933.262,939.5445714285715,576.47266,1.6298163689851015,1.8196661198580104
2015,TWDB.1038101,333.78,101.736144,34.46,-102.3522,USGS,Western Texas,2,2.0,960.478,939.5445714285715,576.47266,1.6298163689851015,1.8196661198580104
2016,TWDB.1038101,333.41,101.623368,34.46,-102.3522,USGS,Western Texas,2,2.0,990.646,939.5445714285715,576.47266,1.6298163689851015,1.8196661198580104
2017,TWDB.1038101,337.47,102.860856,34.46,-102.3522,USGS,Western Texas,2,2.0,1033.238,939.5445714285715,576.47266,1.6298163689851015,1.8196661198580104
2018,TWDB.1038101,341.71,104.153208,34.46,-102.3522,USGS,Western Texas,2,2.0,905.682,939.5445714285715,576.47266,1.6298163689851015,1.8196661198580104
2019,TWDB.1038101,344.42,104.979216,34.46,-102.3522,USGS,Western Texas,2,2.0,886.746,939.5445714285715,576.47266,1.6298163689851015,1.8196661198580104
2020,TWDB.1038101,345.12,105.192576,34.46,-102.3522,USGS,Western Texas,2,2.1,978.413,939.5445714285715,576.47266,1.6298163689851015,1.8196661198580104
2000,TWDB.1039702,239.93,73.130664,34.38,-102.2336,USGS,Western Texas,2,2.0,889.889,841.636380952381,525.93756,1.600259124478318,1.8026494865665887
2001,TWDB.1039702,246.93,75.264264,34.38,-102.2336,USGS,Western Texas,2,2.0,805.194,841.636380952381,525.93756,1.600259124478318,1.8026494865665887
2002,TWDB.1039702,249.2,75.95616,34.38,-102.2336,USGS,Western Texas,2,2.0,730.382,841.636380952381,525.93756,1.600259124478318,1.8026494865665887
2003,TWDB.1039702,255.1,77.75448,34.38,-102.2336,USGS,Western Texas,2,2.0,836.703,841.636380952381,525.93756,1.600259124478318,1.8026494865665887
2004,TWDB.1039702,263.21,80.226408,34.38,-102.2336,USGS,Western Texas,2,2.0,868.295,841.636380952381,525.93756,1.600259124478318,1.8026494865665887
2005,TWDB.1039702,261.65,79.75092,34.38,-102.2336,USGS,Western Texas,2,2.0,864.206,841.636380952381,525.93756,1.600259124478318,1.8026494865665887
2006,TWDB.1039702,265.62,80.960976,34.38,-102.2336,USGS,Western Texas,2,2.0,818.811,841.636380952381,525.93756,1.600259124478318,1.8026494865665887
2007,TWDB.1039702,269.4,82.11312,34.38,-102.2336,USGS,Western Texas,2,2.0,807.238,841.636380952381,525.93756,1.600259124478318,1.8026494865665887
2008,TWDB.1039702,273.23,83.280504,34.38,-102.2336,USGS,Western Texas,2,2.0,765.029,841.636380952381,525.93756,1.600259124478318,1.8026494865665887
2009,TWDB.1039702,280.35,85.45068,34.38,-102.2336,USGS,Western Texas,2,2.0,903.179,841.636380952381,525.93756,1.600259124478318,1.8026494865665887
2010,TWDB.1039702,284.33,86.663784,34.38,-102.2336,USGS,Western Texas,2,2.0,823.311,841.636380952381,525.93756,1.600259124478318,1.8026494865665887
2011,TWDB.1039702,286.87,87.437976,34.38,-102.2336,USGS,Western Texas,2,2.0,764.862,841.636380952381,525.93756,1.600259124478318,1.8026494865665887
2012,TWDB.1039702,295.53,90.077544,34.38,-102.2336,USGS,Western Texas,2,2.0,861.361,841.636380952381,525.93756,1.600259124478318,1.8026494865665887
2013,TWDB.1039702,302.52,92.208096,34.38,-102.2336,USGS,Western Texas,2,2.0,838.258,841.636380952381,525.93756,1.600259124478318,1.8026494865665887
2014,TWDB.1039702,306.71,93.485208,34.38,-102.2336,USGS,Western Texas,2,2.0,821.78,841.636380952381,525.93756,1.600259124478318,1.8026494865665887
2015,TWDB.1039702,311.3,94.88424,34.38,-102.2336,USGS,Western Texas,2,2.0,892.779,841.636380952381,525.93756,1.600259124478318,1.8026494865665887
2016,TWDB.1039702,315.09,96.039432,34.38,-102.2336,USGS,Western Texas,2,2.0,917.434,841.636380952381,525.93756,1.600259124478318,1.8026494865665887
2017,TWDB.1039702,321.05,97.85604,34.38,-102.2336,USGS,Western Texas,2,2.0,915.395,841.636380952381,525.93756,1.600259124478318,1.8026494865665887
2018,TWDB.1039702,323.12,98.486976,34.38,-102.2336,USGS,Western Texas,2,2.0,875.017,841.636380952381,525.93756,1.600259124478318,1.8026494865665887
2019,TWDB.1039702,328.78,100.212144,34.38,-102.2336,USGS,Western Texas,2,2.0,875.569,841.636380952381,525.93756,1.600259124478318,1.8026494865665887
2020,TWDB.1039702,337.1,102.74808,34.38,-102.2336,USGS,Western Texas,2,2.1,799.672,841.636380952381,525.93756,1.600259124478318,1.8026494865665887
2000,TWDB.1157901,220.07,67.077336,34.03,-101.9056,USGS,Western Texas,2,2.0,823.688,828.891380952381,510.17966,1.6247048850498176,1.7622502578730608
2001,TWDB.1157901,224.47,68.418456,34.03,-101.9056,USGS,Western Texas,2,2.0,825.86,828.891380952381,510.17966,1.6247048850498176,1.7622502578730608
2002,TWDB.1157901,226.27,68.967096,34.03,-101.9056,USGS,Western Texas,2,2.0,826.64,828.891380952381,510.17966,1.6247048850498176,1.7622502578730608
2003,TWDB.1157901,235.75,71.8566,34.03,-101.9056,USGS,Western Texas,2,2.0,793.617,828.891380952381,510.17966,1.6247048850498176,1.7622502578730608
2004,TWDB.1157901,237.41,72.362568,34.03,-101.9056,USGS,Western Texas,2,2.0,915.455,828.891380952381,510.17966,1.6247048850498176,1.7622502578730608
2005,TWDB.1157901,233.66,71.219568,34.03,-101.9056,USGS,Western Texas,2,2.0,901.942,828.891380952381,510.17966,1.6247048850498176,1.7622502578730608
2006,TWDB.1157901,237.57,72.411336,34.03,-101.9056,USGS,Western Texas,2,2.0,815.208,828.891380952381,510.17966,1.6247048850498176,1.7622502578730608
2007,TWDB.1157901,238.65,72.74052,34.03,-101.9056,USGS,Western Texas,2,2.0,907.17,828.891380952381,510.17966,1.6247048850498176,1.7622502578730608
2008,TWDB.1157901,238.51,72.697848,34.03,-101.9056,USGS,Western Texas,2,2.0,829.903,828.891380952381,510.17966,1.6247048850498176,1.7622502578730608
2009,TWDB.1157901,243.26,74.145648,34.03,-101.9056,USGS,Western Texas,2,2.0,859.081,828.891380952381,510.17966,1.6247048850498176,1.7622502578730608
2010,TWDB.1157901,244.01,74.374248,34.03,-101.9056,USGS,Western Texas,2,2.0,944.449,828.891380952381,510.17966,1.6247048850498176,1.7622502578730608
2011,TWDB.1157901,246.18,75.035664,34.03,-101.9056,USGS,Western Texas,2,2.0,720.702,828.891380952381,510.17966,1.6247048850498176,1.7622502578730608
2012,TWDB.1157901,251.72,76.724256,34.03,-101.9056,USGS,Western Texas,2,2.0,739.475,828.891380952381,510.17966,1.6247048850498176,1.7622502578730608
2013,TWDB.1157901,256.18,78.083664,34.03,-101.9056,USGS,Western Texas,2,2.0,847.1,828.891380952381,510.17966,1.6247048850498176,1.7622502578730608
2014,TWDB.1157901,257.13,78.373224,34.03,-101.9056,USGS,Western Texas,2,2.0,775.044,828.891380952381,510.17966,1.6247048850498176,1.7622502578730608
2015,TWDB.1157901,258.46,78.778608,34.03,-101.9056,USGS,Western Texas,2,2.0,850.028,828.891380952381,510.17966,1.6247048850498176,1.7622502578730608
2016,TWDB.1157901,259.6,79.12608,34.03,-101.9056,USGS,Western Texas,2,2.0,858.1,828.891380952381,510.17966,1.6247048850498176,1.7622502578730608
2017,TWDB.1157901,260.33,79.348584,34.03,-101.9056,USGS,Western Texas,2,2.0,811.143,828.891380952381,510.17966,1.6247048850498176,1.7622502578730608
2018,TWDB.1157901,259.84,79.199232,34.03,-101.9056,USGS,Western Texas,2,2.0,729.767,828.891380952381,510.17966,1.6247048850498176,1.7622502578730608
2019,TWDB.1157901,261.16,79.601568,34.03,-101.9056,USGS,Western Texas,2,2.0,883.438,828.891380952381,510.17966,1.6247048850498176,1.7622502578730608
2020,TWDB.1157901,261.79,79.793592,34.03,-101.9056,USGS,Western Texas,2,2.1,748.909,828.891380952381,510.17966,1.6247048850498176,1.7622502578730608
2000,TWDB.2409103,165.34,50.395632,33.8575,-102.9786,USGS,Western Texas,2,2.0,566.021,544.842,482.6761,1.128794268708354,1.6964390836373693
2001,TWDB.2409103,169.07,51.532536,33.8575,-102.9786,USGS,Western Texas,2,2.0,569.243,544.842,482.6761,1.128794268708354,1.6964390836373693
2002,TWDB.2409103,169.23,51.581304,33.8575,-102.9786,USGS,Western Texas,2,2.0,516.044,544.842,482.6761,1.128794268708354,1.6964390836373693
2003,TWDB.2409103,169.6,51.69408,33.8575,-102.9786,USGS,Western Texas,2,2.0,446.834,544.842,482.6761,1.128794268708354,1.6964390836373693
2004,TWDB.2409103,170.6,51.99888,33.8575,-102.9786,USGS,Western Texas,2,2.0,602.385,544.842,482.6761,1.128794268708354,1.6964390836373693
2005,TWDB.2409103,169.37,51.623976,33.8575,-102.9786,USGS,Western Texas,2,2.0,577.359,544.842,482.6761,1.128794268708354,1.6964390836373693
2006,TWDB.2409103,167.84,51.157632,33.8575,-102.9786,USGS,Western Texas,2,2.0,450.945,544.842,482.6761,1.128794268708354,1.6964390836373693
2007,TWDB.2409103,167.08,50.925984,33.8575,-102.9786,USGS,Western Texas,2,2.0,538.272,544.842,482.6761,1.128794268708354,1.6964390836373693
2008,TWDB.2409103,166.01,50.599848,33.8575,-102.9786,USGS,Western Texas,2,2.0,476.936,544.842,482.6761,1.128794268708354,1.6964390836373693
2009,TWDB.2409103,165.19,50.349912,33.8575,-102.9786,USGS,Western Texas,2,2.0,574.273,544.842,482.6761,1.128794268708354,1.6964390836373693
2010,TWDB.2409103,164.47,50.130456,33.8575,-102.9786,USGS,Western Texas,2,2.0,589.553,544.842,482.6761,1.128794268708354,1.6964390836373693
2011,TWDB.2409103,164.18,50.042064,33.8575,-102.9786,USGS,Western Texas,2,2.0,436.561,544.842,482.6761,1.128794268708354,1.6964390836373693
2012,TWDB.2409103,164.29,50.075592,33.8575,-102.9786,USGS,Western Texas,2,2.0,273.893,544.842,482.6761,1.128794268708354,1.6964390836373693
2013,TWDB.2409103,164.64,50.182272,33.8575,-102.9786,USGS,Western Texas,2,2.0,496.706,544.842,482.6761,1.128794268708354,1.6964390836373693
2014,TWDB.2409103,165.34,50.395632,33.8575,-102.9786,USGS,Western Texas,2,2.0,569.831,544.842,482.6761,1.128794268708354,1.6964390836373693
2015,TWDB.2409103,165.82,50.541936,33.8575,-102.9786,USGS,Western Texas,2,2.0,673.804,544.842,482.6761,1.128794268708354,1.6964390836373693
2016,TWDB.2409103,166.02,50.602896,33.8575,-102.9786,USGS,Western Texas,2,2.0,560.621,544.842,482.6761,1.128794268708354,1.6964390836373693
2017,TWDB.2409103,166.12,50.633376,33.8575,-102.9786,USGS,Western Texas,2,2.0,752.656,544.842,482.6761,1.128794268708354,1.6964390836373693
2018,TWDB.2409103,165.63,50.484024,33.8575,-102.9786,USGS,Western Texas,2,2.0,621.413,544.842,482.6761,1.128794268708354,1.6964390836373693
2019,TWDB.2409103,165.11,50.325528,33.8575,-102.9786,USGS,Western Texas,2,2.0,667.082,544.842,482.6761,1.128794268708354,1.6964390836373693
2020,TWDB.2409103,166.0,50.5968,33.8575,-102.9786,USGS,Western Texas,2,2.1,481.25,544.842,482.6761,1.128794268708354,1.6964390836373693
2000,TWDB.2409801,123.52,37.648896,33.76,-102.9564,USGS,Western Texas,2,2.0,408.771,518.9673333333334,489.03354,1.061210105522215,1.7751202942480682
2001,TWDB.2409801,120.21,36.640008,33.76,-102.9564,USGS,Western Texas,2,2.0,470.774,518.9673333333334,489.03354,1.061210105522215,1.7751202942480682
2002,TWDB.2409801,120.44,36.710112,33.76,-102.9564,USGS,Western Texas,2,2.0,456.468,518.9673333333334,489.03354,1.061210105522215,1.7751202942480682
2003,TWDB.2409801,120.85,36.83508,33.76,-102.9564,USGS,Western Texas,2,2.0,337.606,518.9673333333334,489.03354,1.061210105522215,1.7751202942480682
2004,TWDB.2409801,121.17,36.932616,33.76,-102.9564,USGS,Western Texas,2,2.0,492.927,518.9673333333334,489.03354,1.061210105522215,1.7751202942480682
2005,TWDB.2409801,120.49,36.725352,33.76,-102.9564,USGS,Western Texas,2,2.0,445.316,518.9673333333334,489.03354,1.061210105522215,1.7751202942480682
2006,TWDB.2409801,120.64,36.771072,33.76,-102.9564,USGS,Western Texas,2,2.0,357.067,518.9673333333334,489.03354,1.061210105522215,1.7751202942480682
2007,TWDB.2409801,119.86,36.533328,33.76,-102.9564,USGS,Western Texas,2,2.0,413.499,518.9673333333334,489.03354,1.061210105522215,1.7751202942480682
2008,TWDB.2409801,121.18,36.935664,33.76,-102.9564,USGS,Western Texas,2,2.0,427.129,518.9673333333334,489.03354,1.061210105522215,1.7751202942480682
2009,TWDB.2409801,120.62,36.764976,33.76,-102.9564,USGS,Western Texas,2,2.0,637.478,518.9673333333334,489.03354,1.061210105522215,1.7751202942480682
2010,TWDB.2409801,122.03,37.194744,33.76,-102.9564,USGS,Western Texas,2,2.0,619.325,518.9673333333334,489.03354,1.061210105522215,1.7751202942480682
2011,TWDB.2409801,122.9,37.45992,33.76,-102.9564,USGS,Western Texas,2,2.0,474.338,518.9673333333334,489.03354,1.061210105522215,1.7751202942480682
2012,TWDB.2409801,124.61,37.981128,33.76,-102.9564,USGS,Western Texas,2,2.0,432.751,518.9673333333334,489.03354,1.061210105522215,1.7751202942480682
2013,TWDB.2409801,127.27,38.791896,33.76,-102.9564,USGS,Western Texas,2,2.0,669.713,518.9673333333334,489.03354,1.061210105522215,1.7751202942480682
2014,TWDB.2409801,128.7,39.22776,33.76,-102.9564,USGS,Western Texas,2,2.0,547.895,518.9673333333334,489.03354,1.061210105522215,1.7751202942480682
2015,TWDB.2409801,128.49,39.163752,33.76,-102.9564,USGS,Western Texas,2,2.0,691.821,518.9673333333334,489.03354,1.061210105522215,1.7751202942480682
2016,TWDB.2409801,128.15,39.06012,33.76,-102.9564,USGS,Western Texas,2,2.0,588.97,518.9673333333334,489.03354,1.061210105522215,1.7751202942480682
2017,TWDB.2409801,127.92,38.990016,33.76,-102.9564,USGS,Western Texas,2,2.0,661.779,518.9673333333334,489.03354,1.061210105522215,1.7751202942480682
2018,TWDB.2409801,126.23,38.474904,33.76,-102.9564,USGS,Western Texas,2,2.0,538.411,518.9673333333334,489.03354,1.061210105522215,1.7751202942480682
2019,TWDB.2409801,127.05,38.72484,33.76,-102.9564,USGS,Western Texas,2,2.0,658.412,518.9673333333334,489.03354,1.061210105522215,1.7751202942480682
2020,TWDB.2409801,128.99,39.316152,33.76,-102.9564,USGS,Western Texas,2,2.1,567.864,518.9673333333334,489.03354,1.061210105522215,1.7751202942480682
2000,TWDB.2423701,110.77,33.762696,33.65222,-102.2278,USGS,Western Texas,2,2.0,659.043,637.759,534.49725,1.1931941575409408,1.850102385115528
2001,TWDB.2423701,112.48,34.283904,33.65222,-102.2278,USGS,Western Texas,2,2.0,644.974,637.759,534.49725,1.1931941575409408,1.850102385115528
2002,TWDB.2423701,111.29,33.921192,33.65222,-102.2278,USGS,Western Texas,2,2.0,568.126,637.759,534.49725,1.1931941575409408,1.850102385115528
2003,TWDB.2423701,111.72,34.052256,33.65222,-102.2278,USGS,Western Texas,2,2.0,444.091,637.759,534.49725,1.1931941575409408,1.850102385115528
2004,TWDB.2423701,112.65,34.33572,33.65222,-102.2278,USGS,Western Texas,2,2.0,695.888,637.759,534.49725,1.1931941575409408,1.850102385115528
2005,TWDB.2423701,112.38,34.253424,33.65222,-102.2278,USGS,Western Texas,2,2.0,732.408,637.759,534.49725,1.1931941575409408,1.850102385115528
2006,TWDB.2423701,112.99,34.439352,33.65222,-102.2278,USGS,Western Texas,2,2.0,644.876,637.759,534.49725,1.1931941575409408,1.850102385115528
2007,TWDB.2423701,113.89,34.713672,33.65222,-102.2278,USGS,Western Texas,2,2.0,801.573,637.759,534.49725,1.1931941575409408,1.850102385115528
2008,TWDB.2423701,112.67,34.341816,33.65222,-102.2278,USGS,Western Texas,2,2.0,644.821,637.759,534.49725,1.1931941575409408,1.850102385115528
2009,TWDB.2423701,114.54,34.911792,33.65222,-102.2278,USGS,Western Texas,2,2.0,691.018,637.759,534.49725,1.1931941575409408,1.850102385115528
2010,TWDB.2423701,115.71,35.268408,33.65222,-102.2278,USGS,Western Texas,2,2.0,671.387,637.759,534.49725,1.1931941575409408,1.850102385115528
2011,TWDB.2423701,115.49,35.201352,33.65222,-102.2278,USGS,Western Texas,2,2.0,413.882,637.759,534.49725,1.1931941575409408,1.850102385115528
2012,TWDB.2423701,116.1,35.38728,33.65222,-102.2278,USGS,Western Texas,2,2.0,465.96,637.759,534.49725,1.1931941575409408,1.850102385115528
2013,TWDB.2423701,116.18,35.411664,33.65222,-102.2278,USGS,Western Texas,2,2.0,536.203,637.759,534.49725,1.1931941575409408,1.850102385115528
2014,TWDB.2423701,116.92,35.637216,33.65222,-102.2278,USGS,Western Texas,2,2.0,632.678,637.759,534.49725,1.1931941575409408,1.850102385115528
2015,TWDB.2423701,116.99,35.658552,33.65222,-102.2278,USGS,Western Texas,2,2.0,793.925,637.759,534.49725,1.1931941575409408,1.850102385115528
2016,TWDB.2423701,115.99,35.353752,33.65222,-102.2278,USGS,Western Texas,2,2.0,743.68,637.759,534.49725,1.1931941575409408,1.850102385115528
2017,TWDB.2423701,116.3,35.44824,33.65222,-102.2278,USGS,Western Texas,2,2.0,742.49,637.759,534.49725,1.1931941575409408,1.850102385115528
2018,TWDB.2423701,116.1,35.38728,33.65222,-102.2278,USGS,Western Texas,2,2.0,553.334,637.759,534.49725,1.1931941575409408,1.850102385115528
2019,TWDB.2423701,116.46,35.497008,33.65222,-102.2278,USGS,Western Texas,2,2.0,763.643,637.759,534.49725,1.1931941575409408,1.850102385115528
2020,TWDB.2423701,116.65,35.55492,33.65222,-102.2278,USGS,Western Texas,2,2.1,548.939,637.759,534.49725,1.1931941575409408,1.850102385115528
2000,TWDB.2453902,143.7,43.79976,33.13833,-102.3808,USGS,Western Texas,2,2.0,858.725,712.4896666666666,517.8064,1.3759769510459616,1.652684463555134
2001,TWDB.2453902,145.57,44.369736,33.13833,-102.3808,USGS,Western Texas,2,2.0,683.409,712.4896666666666,517.8064,1.3759769510459616,1.652684463555134
2002,TWDB.2453902,147.15,44.85132,33.13833,-102.3808,USGS,Western Texas,2,2.0,704.836,712.4896666666666,517.8064,1.3759769510459616,1.652684463555134
2003,TWDB.2453902,148.27,45.192696,33.13833,-102.3808,USGS,Western Texas,2,2.0,709.418,712.4896666666666,517.8064,1.3759769510459616,1.652684463555134
2004,TWDB.2453902,149.78,45.652944,33.13833,-102.3808,USGS,Western Texas,2,2.0,823.587,712.4896666666666,517.8064,1.3759769510459616,1.652684463555134
2005,TWDB.2453902,150.3,45.81144,33.13833,-102.3808,USGS,Western Texas,2,2.0,783.944,712.4896666666666,517.8064,1.3759769510459616,1.652684463555134
2006,TWDB.2453902,150.68,45.927264,33.13833,-102.3808,USGS,Western Texas,2,2.0,676.245,712.4896666666666,517.8064,1.3759769510459616,1.652684463555134
2007,TWDB.2453902,150.84,45.976032,33.13833,-102.3808,USGS,Western Texas,2,2.0,788.545,712.4896666666666,517.8064,1.3759769510459616,1.652684463555134
2008,TWDB.2453902,150.77,45.954696,33.13833,-102.3808,USGS,Western Texas,2,2.0,765.469,712.4896666666666,517.8064,1.3759769510459616,1.652684463555134
2009,TWDB.2453902,151.33,46.125384,33.13833,-102.3808,USGS,Western Texas,2,2.0,737.096,712.4896666666666,517.8064,1.3759769510459616,1.652684463555134
2010,TWDB.2453902,151.85,46.28388,33.13833,-102.3808,USGS,Western Texas,2,2.0,767.092,712.4896666666666,517.8064,1.3759769510459616,1.652684463555134
2011,TWDB.2453902,152.0,46.3296,33.13833,-102.3808,USGS,Western Texas,2,2.0,537.572,712.4896666666666,517.8064,1.3759769510459616,1.652684463555134
2012,TWDB.2453902,152.29,46.417992,33.13833,-102.3808,USGS,Western Texas,2,2.0,689.698,712.4896666666666,517.8064,1.3759769510459616,1.652684463555134
2013,TWDB.2453902,152.58,46.506384,33.13833,-102.3808,USGS,Western Texas,2,2.0,672.746,712.4896666666666,517.8064,1.3759769510459616,1.652684463555134
2014,TWDB.2453902,153.03,46.643544,33.13833,-102.3808,USGS,Western Texas,2,2.0,579.904,712.4896666666666,517.8064,1.3759769510459616,1.652684463555134
2015,TWDB.2453902,153.1,46.66488,33.13833,-102.3808,USGS,Western Texas,2,2.0,768.892,712.4896666666666,517.8064,1.3759769510459616,1.652684463555134
2016,TWDB.2453902,153.24,46.707552,33.13833,-102.3808,USGS,Western Texas,2,2.0,748.768,712.4896666666666,517.8064,1.3759769510459616,1.652684463555134
2017,TWDB.2453902,152.89,46.600872,33.13833,-102.3808,USGS,Western Texas,2,2.0,763.366,712.4896666666666,517.8064,1.3759769510459616,1.652684463555134
2018,TWDB.2453902,153.45,46.77156,33.13833,-102.3808,USGS,Western Texas,2,2.0,627.01,712.4896666666666,517.8064,1.3759769510459616,1.652684463555134
2019,TWDB.2453902,153.92,46.914816,33.13833,-102.3808,USGS,Western Texas,2,2.0,760.4,712.4896666666666,517.8064,1.3759769510459616,1.652684463555134
2020,TWDB.2453902,153.82,46.884336,33.13833,-102.3808,USGS,Western Texas,2,2.1,515.561,712.4896666666666,517.8064,1.3759769510459616,1.652684463555134
2000,UNLCSD.423037099353801,26.48,8.071104,42.51028,-99.59429,USGS,Central Nebraska,2,2.0,579.885,659.7622380952381,678.1208,0.9729273150325028,1.6702573048277138
2001,UNLCSD.423037099353801,30.99,9.445752,42.51028,-99.59429,USGS,Central Nebraska,2,2.0,597.897,659.7622380952381,678.1208,0.9729273150325028,1.6702573048277138
2002,UNLCSD.423037099353801,29.32,8.936736,42.51028,-99.59429,USGS,Central Nebraska,2,2.0,600.79,659.7622380952381,678.1208,0.9729273150325028,1.6702573048277138
2003,UNLCSD.423037099353801,33.985,10.358628,42.51028,-99.59429,USGS,Central Nebraska,2,2.0,678.754,659.7622380952381,678.1208,0.9729273150325028,1.6702573048277138
2004,UNLCSD.423037099353801,35.19,10.725912,42.51028,-99.59429,USGS,Central Nebraska,2,2.0,570.035,659.7622380952381,678.1208,0.9729273150325028,1.6702573048277138
2005,UNLCSD.423037099353801,36.25,11.049,42.51028,-99.59429,USGS,Central Nebraska,2,2.0,631.62,659.7622380952381,678.1208,0.9729273150325028,1.6702573048277138
2006,UNLCSD.423037099353801,35.96,10.960608,42.51028,-99.59429,USGS,Central Nebraska,2,2.0,592.309,659.7622380952381,678.1208,0.9729273150325028,1.6702573048277138
2007,UNLCSD.423037099353801,37.78,11.515344,42.51028,-99.59429,USGS,Central Nebraska,2,2.0,657.625,659.7622380952381,678.1208,0.9729273150325028,1.6702573048277138
2008,UNLCSD.423037099353801,38.43,11.713464,42.51028,-99.59429,USGS,Central Nebraska,2,2.0,570.896,659.7622380952381,678.1208,0.9729273150325028,1.6702573048277138
2009,UNLCSD.423037099353801,36.71,11.189208,42.51028,-99.59429,USGS,Central Nebraska,2,2.0,573.99,659.7622380952381,678.1208,0.9729273150325028,1.6702573048277138
2010,UNLCSD.423037099353801,34.59,10.543032,42.51028,-99.59429,USGS,Central Nebraska,2,2.0,613.942,659.7622380952381,678.1208,0.9729273150325028,1.6702573048277138
2011,UNLCSD.423037099353801,30.72,9.363456,42.51028,-99.59429,USGS,Central Nebraska,2,2.0,712.72,659.7622380952381,678.1208,0.9729273150325028,1.6702573048277138
2012,UNLCSD.423037099353801,30.03,9.153144,42.51028,-99.59429,USGS,Central Nebraska,2,2.0,847.584,659.7622380952381,678.1208,0.9729273150325028,1.6702573048277138
2013,UNLCSD.423037099353801,36.39,11.091672,42.51028,-99.59429,USGS,Central Nebraska,2,2.0,731.258,659.7622380952381,678.1208,0.9729273150325028,1.6702573048277138
2014,UNLCSD.423037099353801,38.84,11.838432,42.51028,-99.59429,USGS,Central Nebraska,2,2.0,716.466,659.7622380952381,678.1208,0.9729273150325028,1.6702573048277138
2015,UNLCSD.423037099353801,37.97,11.573256,42.51028,-99.59429,USGS,Central Nebraska,2,2.0,700.756,659.7622380952381,678.1208,0.9729273150325028,1.6702573048277138
2016,UNLCSD.423037099353801,39.39,12.006072,42.51028,-99.59429,USGS,Central Nebraska,2,2.0,719.797,659.7622380952381,678.1208,0.9729273150325028,1.6702573048277138
2017,UNLCSD.423037099353801,38.93,11.865864,42.51028,-99.59429,USGS,Central Nebraska,2,2.0,707.218,659.7622380952381,678.1208,0.9729273150325028,1.6702573048277138
2018,UNLCSD.423037099353801,37.42,11.405616,42.51028,-99.59429,USGS,Central Nebraska,2,2.0,675.071,659.7622380952381,678.1208,0.9729273150325028,1.6702573048277138
2019,UNLCSD.423037099353801,33.38,10.174224,42.51028,-99.59429,USGS,Central Nebraska,2,2.0,607.677,659.7622380952381,678.1208,0.9729273150325028,1.6702573048277138
2020,UNLCSD.423037099353801,25.33,7.720584,42.51028,-99.59429,USGS,Central Nebraska,2,2.1,768.717,659.7622380952381,678.1208,0.9729273150325028,1.6702573048277138
2000,USGS.335258091152301,28.27,8.616696,33.88238,-91.25823,USGS,Eastern Arkansas,2,2.0,825.722,859.4249523809524,1405.8584,0.6113168675708271,1.8414230509137637
2001,USGS.335258091152301,29.965,9.133332,33.88238,-91.25823,USGS,Eastern Arkansas,2,2.0,767.852,859.4249523809524,1405.8584,0.6113168675708271,1.8414230509137637
2002,USGS.335258091152301,30.33,9.244584,33.88238,-91.25823,USGS,Eastern Arkansas,2,2.0,796.264,859.4249523809524,1405.8584,0.6113168675708271,1.8414230509137637
2003,USGS.335258091152301,31.01,9.451848,33.88238,-91.25823,USGS,Eastern Arkansas,2,2.0,821.418,859.4249523809524,1405.8584,0.6113168675708271,1.8414230509137637
2004,USGS.335258091152301,30.45666667,9.283192001,33.88238,-91.25823,USGS,Eastern Arkansas,2,2.0,860.924,859.4249523809524,1405.8584,0.6113168675708271,1.8414230509137637
2005,USGS.335258091152301,28.99,8.836152,33.88238,-91.25823,USGS,Eastern Arkansas,2,2.0,859.249,859.4249523809524,1405.8584,0.6113168675708271,1.8414230509137637
2006,USGS.335258091152301,30.41666667,9.271000001,33.88238,-91.25823,USGS,Eastern Arkansas,2,2.0,802.429,859.4249523809524,1405.8584,0.6113168675708271,1.8414230509137637
2007,USGS.335258091152301,32.7,9.96696,33.88238,-91.25823,USGS,Eastern Arkansas,2,2.0,839.977,859.4249523809524,1405.8584,0.6113168675708271,1.8414230509137637
2008,USGS.335258091152301,32.62,9.942576,33.88238,-91.25823,USGS,Eastern Arkansas,2,2.0,893.271,859.4249523809524,1405.8584,0.6113168675708271,1.8414230509137637
2009,USGS.335258091152301,31.9825,9.748266,33.88238,-91.25823,USGS,Eastern Arkansas,2,2.0,893.886,859.4249523809524,1405.8584,0.6113168675708271,1.8414230509137637
2010,USGS.335258091152301,28.61,8.720328,33.88238,-91.25823,USGS,Eastern Arkansas,2,2.0,876.523,859.4249523809524,1405.8584,0.6113168675708271,1.8414230509137637
2011,USGS.335258091152301,32.214,9.8188272,33.88238,-91.25823,USGS,Eastern Arkansas,2,2.0,973.713,859.4249523809524,1405.8584,0.6113168675708271,1.8414230509137637
2012,USGS.335258091152301,34.035,10.373868,33.88238,-91.25823,USGS,Eastern Arkansas,2,2.0,926.071,859.4249523809524,1405.8584,0.6113168675708271,1.8414230509137637
2013,USGS.335258091152301,34.722,10.5832656,33.88238,-91.25823,USGS,Eastern Arkansas,2,2.0,880.675,859.4249523809524,1405.8584,0.6113168675708271,1.8414230509137637
2014,USGS.335258091152301,35.33333333,10.7696,33.88238,-91.25823,USGS,Eastern Arkansas,2,2.0,860.826,859.4249523809524,1405.8584,0.6113168675708271,1.8414230509137637
2015,USGS.335258091152301,34.835,10.617708,33.88238,-91.25823,USGS,Eastern Arkansas,2,2.0,841.245,859.4249523809524,1405.8584,0.6113168675708271,1.8414230509137637
2016,USGS.335258091152301,35.552,10.8362496,33.88238,-91.25823,USGS,Eastern Arkansas,2,2.0,885.308,859.4249523809524,1405.8584,0.6113168675708271,1.8414230509137637
2017,USGS.335258091152301,34.025,10.37082,33.88238,-91.25823,USGS,Eastern Arkansas,2,2.0,842.45,859.4249523809524,1405.8584,0.6113168675708271,1.8414230509137637
2018,USGS.335258091152301,34.00333333,10.364216,33.88238,-91.25823,USGS,Eastern Arkansas,2,2.0,880.531,859.4249523809524,1405.8584,0.6113168675708271,1.8414230509137637
2019,USGS.335258091152301,31.54,9.613392,33.88238,-91.25823,USGS,Eastern Arkansas,2,2.0,856.443,859.4249523809524,1405.8584,0.6113168675708271,1.8414230509137637
2020,USGS.335258091152301,26.96,8.217408,33.88238,-91.25823,USGS,Eastern Arkansas,2,2.1,863.147,859.4249523809524,1405.8584,0.6113168675708271,1.8414230509137637
2000,USGS.340440091231201,43.38,13.222224,34.07647,-91.3878,USGS,Eastern Arkansas,2,2.0,943.423,858.9443809523809,1444.211,0.5947498984033106,1.7326265142476405
2001,USGS.340440091231201,45.3,13.80744,34.07647,-91.3878,USGS,Eastern Arkansas,2,2.0,842.477,858.9443809523809,1444.211,0.5947498984033106,1.7326265142476405
2002,USGS.340440091231201,43.37,13.219176,34.07647,-91.3878,USGS,Eastern Arkansas,2,2.0,829.683,858.9443809523809,1444.211,0.5947498984033106,1.7326265142476405
2003,USGS.340440091231201,50.18,15.294864,34.07647,-91.3878,USGS,Eastern Arkansas,2,2.0,869.039,858.9443809523809,1444.211,0.5947498984033106,1.7326265142476405
2004,USGS.340440091231201,43.08,13.130784,34.07647,-91.3878,USGS,Eastern Arkansas,2,2.0,871.49,858.9443809523809,1444.211,0.5947498984033106,1.7326265142476405
2005,USGS.340440091231201,44.0,13.4112,34.07647,-91.3878,USGS,Eastern Arkansas,2,2.0,805.941,858.9443809523809,1444.211,0.5947498984033106,1.7326265142476405
2006,USGS.340440091231201,42.41,12.926568,34.07647,-91.3878,USGS,Eastern Arkansas,2,2.0,892.914,858.9443809523809,1444.211,0.5947498984033106,1.7326265142476405
2007,USGS.340440091231201,43.1,13.13688,34.07647,-91.3878,USGS,Eastern Arkansas,2,2.0,859.048,858.9443809523809,1444.211,0.5947498984033106,1.7326265142476405
2008,USGS.340440091231201,44.17,13.463016,34.07647,-91.3878,USGS,Eastern Arkansas,2,2.0,836.838,858.9443809523809,1444.211,0.5947498984033106,1.7326265142476405
2009,USGS.340440091231201,41.5,12.6492,34.07647,-91.3878,USGS,Eastern Arkansas,2,2.0,852.572,858.9443809523809,1444.211,0.5947498984033106,1.7326265142476405
2010,USGS.340440091231201,39.66,12.088368,34.07647,-91.3878,USGS,Eastern Arkansas,2,2.0,798.813,858.9443809523809,1444.211,0.5947498984033106,1.7326265142476405
2011,USGS.340440091231201,40.4,12.31392,34.07647,-91.3878,USGS,Eastern Arkansas,2,2.0,870.606,858.9443809523809,1444.211,0.5947498984033106,1.7326265142476405
2012,USGS.340440091231201,41.34,12.600432,34.07647,-91.3878,USGS,Eastern Arkansas,2,2.0,875.346,858.9443809523809,1444.211,0.5947498984033106,1.7326265142476405
2013,USGS.340440091231201,41.19,12.554712,34.07647,-91.3878,USGS,Eastern Arkansas,2,2.0,895.92,858.9443809523809,1444.211,0.5947498984033106,1.7326265142476405
2014,USGS.340440091231201,42.48,12.947904,34.07647,-91.3878,USGS,Eastern Arkansas,2,2.0,835.67,858.9443809523809,1444.211,0.5947498984033106,1.7326265142476405
2015,USGS.340440091231201,40.05,12.20724,34.07647,-91.3878,USGS,Eastern Arkansas,2,2.0,891.185,858.9443809523809,1444.211,0.5947498984033106,1.7326265142476405
2016,USGS.340440091231201,42.43,12.932664,34.07647,-91.3878,USGS,Eastern Arkansas,2,2.0,857.71,858.9443809523809,1444.211,0.5947498984033106,1.7326265142476405
2017,USGS.340440091231201,40.68,12.399264,34.07647,-91.3878,USGS,Eastern Arkansas,2,2.0,854.18,858.9443809523809,1444.211,0.5947498984033106,1.7326265142476405
2018,USGS.340440091231201,40.08,12.216384,34.07647,-91.3878,USGS,Eastern Arkansas,2,2.0,810.274,858.9443809523809,1444.211,0.5947498984033106,1.7326265142476405
2019,USGS.340440091231201,41.47333333,12.641072,34.07647,-91.3878,USGS,Eastern Arkansas,2,2.0,867.16,858.9443809523809,1444.211,0.5947498984033106,1.7326265142476405
2020,USGS.340440091231201,40.3,12.28344,34.07647,-91.3878,USGS,Eastern Arkansas,2,2.1,877.543,858.9443809523809,1444.211,0.5947498984033106,1.7326265142476405
2000,USGS.342649091251916,98.89,30.141672,34.46473,-91.42094,USGS,Eastern Arkansas,2,2.0,757.175,801.2967619047619,1343.7239,0.5963254621341484,1.79040558789402
2001,USGS.342649091251916,99.3375,30.27807,34.46473,-91.42094,USGS,Eastern Arkansas,2,2.0,713.558,801.2967619047619,1343.7239,0.5963254621341484,1.79040558789402
2002,USGS.342649091251916,99.1,30.20568,34.46473,-91.42094,USGS,Eastern Arkansas,2,2.0,778.585,801.2967619047619,1343.7239,0.5963254621341484,1.79040558789402
2003,USGS.342649091251916,99.95,30.46476,34.46473,-91.42094,USGS,Eastern Arkansas,2,2.0,781.122,801.2967619047619,1343.7239,0.5963254621341484,1.79040558789402
2004,USGS.342649091251916,100.08,30.504384,34.46473,-91.42094,USGS,Eastern Arkansas,2,2.0,755.707,801.2967619047619,1343.7239,0.5963254621341484,1.79040558789402
2005,USGS.342649091251916,100.175,30.53334,34.46473,-91.42094,USGS,Eastern Arkansas,2,2.0,797.433,801.2967619047619,1343.7239,0.5963254621341484,1.79040558789402
2006,USGS.342649091251916,100.3633333,30.59074399,34.46473,-91.42094,USGS,Eastern Arkansas,2,2.0,827.043,801.2967619047619,1343.7239,0.5963254621341484,1.79040558789402
2007,USGS.342649091251916,100.815,30.728412,34.46473,-91.42094,USGS,Eastern Arkansas,2,2.0,804.848,801.2967619047619,1343.7239,0.5963254621341484,1.79040558789402
2008,USGS.342649091251916,101.1525,30.831282,34.46473,-91.42094,USGS,Eastern Arkansas,2,2.0,862.675,801.2967619047619,1343.7239,0.5963254621341484,1.79040558789402
2009,USGS.342649091251916,101.3825,30.901386,34.46473,-91.42094,USGS,Eastern Arkansas,2,2.0,791.712,801.2967619047619,1343.7239,0.5963254621341484,1.79040558789402
2010,USGS.342649091251916,101.17,30.836616,34.46473,-91.42094,USGS,Eastern Arkansas,2,2.0,805.656,801.2967619047619,1343.7239,0.5963254621341484,1.79040558789402
2011,USGS.342649091251916,101.18,30.839664,34.46473,-91.42094,USGS,Eastern Arkansas,2,2.0,793.547,801.2967619047619,1343.7239,0.5963254621341484,1.79040558789402
2012,USGS.342649091251916,101.2214286,30.85229144,34.46473,-91.42094,USGS,Eastern Arkansas,2,2.0,818.538,801.2967619047619,1343.7239,0.5963254621341484,1.79040558789402
2013,USGS.342649091251916,101.4175,30.912054,34.46473,-91.42094,USGS,Eastern Arkansas,2,2.0,837.632,801.2967619047619,1343.7239,0.5963254621341484,1.79040558789402
2014,USGS.342649091251916,101.6033333,30.96869599,34.46473,-91.42094,USGS,Eastern Arkansas,2,2.0,815.047,801.2967619047619,1343.7239,0.5963254621341484,1.79040558789402
2015,USGS.342649091251916,101.592,30.9652416,34.46473,-91.42094,USGS,Eastern Arkansas,2,2.0,742.596,801.2967619047619,1343.7239,0.5963254621341484,1.79040558789402
2016,USGS.342649091251916,101.165,30.835092,34.46473,-91.42094,USGS,Eastern Arkansas,2,2.0,801.991,801.2967619047619,1343.7239,0.5963254621341484,1.79040558789402
2017,USGS.342649091251916,101.335,30.886908,34.46473,-91.42094,USGS,Eastern Arkansas,2,2.0,833.813,801.2967619047619,1343.7239,0.5963254621341484,1.79040558789402
2018,USGS.342649091251916,101.36,30.894528,34.46473,-91.42094,USGS,Eastern Arkansas,2,2.0,830.129,801.2967619047619,1343.7239,0.5963254621341484,1.79040558789402
2019,USGS.342649091251916,101.2666667,30.86608001,34.46473,-91.42094,USGS,Eastern Arkansas,2,2.0,846.822,801.2967619047619,1343.7239,0.5963254621341484,1.79040558789402
2020,USGS.342649091251916,100.8833333,30.74923999,34.46473,-91.42094,USGS,Eastern Arkansas,2,2.1,831.603,801.2967619047619,1343.7239,0.5963254621341484,1.79040558789402
2000,USGS.345519091505401,85.3,25.99944,34.92182,-91.8482,USGS,Eastern Arkansas,2,2.0,918.45,917.0936190476192,1416.8706,0.6472670231903165,1.7351260460437044
2001,USGS.345519091505401,86.0525,26.228802,34.92182,-91.8482,USGS,Eastern Arkansas,2,2.0,858.082,917.0936190476192,1416.8706,0.6472670231903165,1.7351260460437044
2002,USGS.345519091505401,88.51,26.977848,34.92182,-91.8482,USGS,Eastern Arkansas,2,2.0,918.05,917.0936190476192,1416.8706,0.6472670231903165,1.7351260460437044
2003,USGS.345519091505401,90.37,27.544776,34.92182,-91.8482,USGS,Eastern Arkansas,2,2.0,929.453,917.0936190476192,1416.8706,0.6472670231903165,1.7351260460437044
2004,USGS.345519091505401,91.4725,27.880818,34.92182,-91.8482,USGS,Eastern Arkansas,2,2.0,900.397,917.0936190476192,1416.8706,0.6472670231903165,1.7351260460437044
2005,USGS.345519091505401,92.6975,28.254198,34.92182,-91.8482,USGS,Eastern Arkansas,2,2.0,920.283,917.0936190476192,1416.8706,0.6472670231903165,1.7351260460437044
2006,USGS.345519091505401,94.915,28.930092,34.92182,-91.8482,USGS,Eastern Arkansas,2,2.0,931.914,917.0936190476192,1416.8706,0.6472670231903165,1.7351260460437044
2007,USGS.345519091505401,96.42,29.388816,34.92182,-91.8482,USGS,Eastern Arkansas,2,2.0,910.663,917.0936190476192,1416.8706,0.6472670231903165,1.7351260460437044
2008,USGS.345519091505401,96.3975,29.381958,34.92182,-91.8482,USGS,Eastern Arkansas,2,2.0,905.794,917.0936190476192,1416.8706,0.6472670231903165,1.7351260460437044
2009,USGS.345519091505401,98.275,29.95422,34.92182,-91.8482,USGS,Eastern Arkansas,2,2.0,881.742,917.0936190476192,1416.8706,0.6472670231903165,1.7351260460437044
2010,USGS.345519091505401,98.905,30.146244,34.92182,-91.8482,USGS,Eastern Arkansas,2,2.0,914.57,917.0936190476192,1416.8706,0.6472670231903165,1.7351260460437044
2011,USGS.345519091505401,100.6525,30.678882,34.92182,-91.8482,USGS,Eastern Arkansas,2,2.0,974.473,917.0936190476192,1416.8706,0.6472670231903165,1.7351260460437044
2012,USGS.345519091505401,101.6125,30.97149,34.92182,-91.8482,USGS,Eastern Arkansas,2,2.0,856.26,917.0936190476192,1416.8706,0.6472670231903165,1.7351260460437044
2013,USGS.345519091505401,102.862,31.3523376,34.92182,-91.8482,USGS,Eastern Arkansas,2,2.0,941.682,917.0936190476192,1416.8706,0.6472670231903165,1.7351260460437044
2014,USGS.345519091505401,103.47,31.537656,34.92182,-91.8482,USGS,Eastern Arkansas,2,2.0,913.139,917.0936190476192,1416.8706,0.6472670231903165,1.7351260460437044
2015,USGS.345519091505401,103.19,31.452312,34.92182,-91.8482,USGS,Eastern Arkansas,2,2.0,963.718,917.0936190476192,1416.8706,0.6472670231903165,1.7351260460437044
2016,USGS.345519091505401,103.63,31.586424,34.92182,-91.8482,USGS,Eastern Arkansas,2,2.0,970.873,917.0936190476192,1416.8706,0.6472670231903165,1.7351260460437044
2017,USGS.345519091505401,104.92,31.979616,34.92182,-91.8482,USGS,Eastern Arkansas,2,2.0,935.387,917.0936190476192,1416.8706,0.6472670231903165,1.7351260460437044
2018,USGS.345519091505401,104.53,31.860744,34.92182,-91.8482,USGS,Eastern Arkansas,2,2.0,896.05,917.0936190476192,1416.8706,0.6472670231903165,1.7351260460437044
2019,USGS.345519091505401,105.7333333,32.22751999,34.92182,-91.8482,USGS,Eastern Arkansas,2,2.0,911.569,917.0936190476192,1416.8706,0.6472670231903165,1.7351260460437044
2020,USGS.345519091505401,105.9766667,32.30168801,34.92182,-91.8482,USGS,Eastern Arkansas,2,2.1,906.417,917.0936190476192,1416.8706,0.6472670231903165,1.7351260460437044
2000,USGS.350029090265801,20.88,6.364224,35.0071,-90.44913,USGS,Eastern Arkansas,2,2.0,827.327,835.1939047619047,1404.1595,0.5947998624526063,1.7994591665322968
2001,USGS.350029090265801,28.9,8.80872,35.0071,-90.44913,USGS,Eastern Arkansas,2,2.0,865.716,835.1939047619047,1404.1595,0.5947998624526063,1.7994591665322968
2002,USGS.350029090265801,29.175,8.89254,35.0071,-90.44913,USGS,Eastern Arkansas,2,2.0,726.32,835.1939047619047,1404.1595,0.5947998624526063,1.7994591665322968
2003,USGS.350029090265801,26.9,8.19912,35.0071,-90.44913,USGS,Eastern Arkansas,2,2.0,752.099,835.1939047619047,1404.1595,0.5947998624526063,1.7994591665322968
2004,USGS.350029090265801,28.38,8.650224,35.0071,-90.44913,USGS,Eastern Arkansas,2,2.0,717.002,835.1939047619047,1404.1595,0.5947998624526063,1.7994591665322968
2005,USGS.350029090265801,26.575,8.10006,35.0071,-90.44913,USGS,Eastern Arkansas,2,2.0,864.533,835.1939047619047,1404.1595,0.5947998624526063,1.7994591665322968
2006,USGS.350029090265801,27.69,8.439912,35.0071,-90.44913,USGS,Eastern Arkansas,2,2.0,910.436,835.1939047619047,1404.1595,0.5947998624526063,1.7994591665322968
2007,USGS.350029090265801,28.1,8.56488,35.0071,-90.44913,USGS,Eastern Arkansas,2,2.0,875.316,835.1939047619047,1404.1595,0.5947998624526063,1.7994591665322968
2008,USGS.350029090265801,28.38,8.650224,35.0071,-90.44913,USGS,Eastern Arkansas,2,2.0,880.027,835.1939047619047,1404.1595,0.5947998624526063,1.7994591665322968
2009,USGS.350029090265801,27.2,8.29056,35.0071,-90.44913,USGS,Eastern Arkansas,2,2.0,779.796,835.1939047619047,1404.1595,0.5947998624526063,1.7994591665322968
2010,USGS.350029090265801,25.16,7.668768,35.0071,-90.44913,USGS,Eastern Arkansas,2,2.0,843.654,835.1939047619047,1404.1595,0.5947998624526063,1.7994591665322968
2011,USGS.350029090265801,26.15,7.97052,35.0071,-90.44913,USGS,Eastern Arkansas,2,2.0,964.501,835.1939047619047,1404.1595,0.5947998624526063,1.7994591665322968
2012,USGS.350029090265801,24.99,7.616952,35.0071,-90.44913,USGS,Eastern Arkansas,2,2.0,868.771,835.1939047619047,1404.1595,0.5947998624526063,1.7994591665322968
2013,USGS.350029090265801,26.7,8.13816,35.0071,-90.44913,USGS,Eastern Arkansas,2,2.0,825.282,835.1939047619047,1404.1595,0.5947998624526063,1.7994591665322968
2014,USGS.350029090265801,26.19,7.982712,35.0071,-90.44913,USGS,Eastern Arkansas,2,2.0,857.327,835.1939047619047,1404.1595,0.5947998624526063,1.7994591665322968
2015,USGS.350029090265801,26.15,7.97052,35.0071,-90.44913,USGS,Eastern Arkansas,2,2.0,747.315,835.1939047619047,1404.1595,0.5947998624526063,1.7994591665322968
2016,USGS.350029090265801,28.9,8.80872,35.0071,-90.44913,USGS,Eastern Arkansas,2,2.0,848.532,835.1939047619047,1404.1595,0.5947998624526063,1.7994591665322968
2017,USGS.350029090265801,26.63,8.116824,35.0071,-90.44913,USGS,Eastern Arkansas,2,2.0,834.985,835.1939047619047,1404.1595,0.5947998624526063,1.7994591665322968
2018,USGS.350029090265801,23.75,7.239,35.0071,-90.44913,USGS,Eastern Arkansas,2,2.0,885.083,835.1939047619047,1404.1595,0.5947998624526063,1.7994591665322968
2019,USGS.350029090265801,22.14,6.748272,35.0071,-90.44913,USGS,Eastern Arkansas,2,2.0,891.687,835.1939047619047,1404.1595,0.5947998624526063,1.7994591665322968
2020,USGS.350029090265801,20.58,6.272784,35.0071,-90.44913,USGS,Eastern Arkansas,2,2.1,773.363,835.1939047619047,1404.1595,0.5947998624526063,1.7994591665322968
2000,USGS.373644113411501,197.39,60.164472,37.6122,-113.6883,USGS,Western Utah,2,2.0,909.397,995.3616666666668,361.29434,2.754988248760533,1.6561903330819983
2001,USGS.373644113411501,204.0,62.1792,37.6122,-113.6883,USGS,Western Utah,2,2.0,966.902,995.3616666666668,361.29434,2.754988248760533,1.6561903330819983
2002,USGS.373644113411501,209.41,63.828168,37.6122,-113.6883,USGS,Western Utah,2,2.0,990.532,995.3616666666668,361.29434,2.754988248760533,1.6561903330819983
2003,USGS.373644113411501,216.38,65.952624,37.6122,-113.6883,USGS,Western Utah,2,2.0,1009.703,995.3616666666668,361.29434,2.754988248760533,1.6561903330819983
2004,USGS.373644113411501,221.9,67.63512,37.6122,-113.6883,USGS,Western Utah,2,2.0,1034.547,995.3616666666668,361.29434,2.754988248760533,1.6561903330819983
2005,USGS.373644113411501,227.21,69.253608,37.6122,-113.6883,USGS,Western Utah,2,2.0,1043.071,995.3616666666668,361.29434,2.754988248760533,1.6561903330819983
2006,USGS.373644113411501,217.97,66.437256,37.6122,-113.6883,USGS,Western Utah,2,2.0,989.723,995.3616666666668,361.29434,2.754988248760533,1.6561903330819983
2007,USGS.373644113411501,221.56,67.531488,37.6122,-113.6883,USGS,Western Utah,2,2.0,1062.837,995.3616666666668,361.29434,2.754988248760533,1.6561903330819983
2008,USGS.373644113411501,226.02,68.890896,37.6122,-113.6883,USGS,Western Utah,2,2.0,872.577,995.3616666666668,361.29434,2.754988248760533,1.6561903330819983
2009,USGS.373644113411501,229.97,70.094856,37.6122,-113.6883,USGS,Western Utah,2,2.0,920.794,995.3616666666668,361.29434,2.754988248760533,1.6561903330819983
2010,USGS.373644113411501,233.82,71.268336,37.6122,-113.6883,USGS,Western Utah,2,2.0,1017.975,995.3616666666668,361.29434,2.754988248760533,1.6561903330819983
2011,USGS.373644113411501,235.92,71.908416,37.6122,-113.6883,USGS,Western Utah,2,2.0,1024.948,995.3616666666668,361.29434,2.754988248760533,1.6561903330819983
2012,USGS.373644113411501,234.7,71.53656,37.6122,-113.6883,USGS,Western Utah,2,2.0,1061.123,995.3616666666668,361.29434,2.754988248760533,1.6561903330819983
2013,USGS.373644113411501,238.11,72.575928,37.6122,-113.6883,USGS,Western Utah,2,2.0,936.94,995.3616666666668,361.29434,2.754988248760533,1.6561903330819983
2014,USGS.373644113411501,241.65,73.65492,37.6122,-113.6883,USGS,Western Utah,2,2.0,1066.361,995.3616666666668,361.29434,2.754988248760533,1.6561903330819983
2015,USGS.373644113411501,246.9,75.25512,37.6122,-113.6883,USGS,Western Utah,2,2.0,968.181,995.3616666666668,361.29434,2.754988248760533,1.6561903330819983
2016,USGS.373644113411501,251.1,76.53528,37.6122,-113.6883,USGS,Western Utah,2,2.0,1015.055,995.3616666666668,361.29434,2.754988248760533,1.6561903330819983
2017,USGS.373644113411501,273.94,83.496912,37.6122,-113.6883,USGS,Western Utah,2,2.0,976.438,995.3616666666668,361.29434,2.754988248760533,1.6561903330819983
2018,USGS.373644113411501,284.41,86.688168,37.6122,-113.6883,USGS,Western Utah,2,2.0,989.538,995.3616666666668,361.29434,2.754988248760533,1.6561903330819983
2019,USGS.373644113411501,264.29,80.555592,37.6122,-113.6883,USGS,Western Utah,2,2.0,1005.545,995.3616666666668,361.29434,2.754988248760533,1.6561903330819983
2020,USGS.373644113411501,265.69,80.982312,37.6122,-113.6883,USGS,Western Utah,2,2.1,1040.408,995.3616666666668,361.29434,2.754988248760533,1.6561903330819983
2000,USGS.381901113014102,62.53,19.059144,38.31691,-113.0288,USGS,Western Utah,2,2.0,1044.829,968.2248095238097,269.6783,3.5902953945844303,1.600398355648616
2001,USGS.381901113014102,66.41,20.241768,38.31691,-113.0288,USGS,Western Utah,2,2.0,1020.208,968.2248095238097,269.6783,3.5902953945844303,1.600398355648616
2002,USGS.381901113014102,69.94,21.317712,38.31691,-113.0288,USGS,Western Utah,2,2.0,934.145,968.2248095238097,269.6783,3.5902953945844303,1.600398355648616
2003,USGS.381901113014102,74.86,22.817328,38.31691,-113.0288,USGS,Western Utah,2,2.0,939.868,968.2248095238097,269.6783,3.5902953945844303,1.600398355648616
2004,USGS.381901113014102,77.25,23.5458,38.31691,-113.0288,USGS,Western Utah,2,2.0,850.849,968.2248095238097,269.6783,3.5902953945844303,1.600398355648616
2005,USGS.381901113014102,78.64,23.969472,38.31691,-113.0288,USGS,Western Utah,2,2.0,897.15,968.2248095238097,269.6783,3.5902953945844303,1.600398355648616
2006,USGS.381901113014102,75.23,22.930104,38.31691,-113.0288,USGS,Western Utah,2,2.0,864.688,968.2248095238097,269.6783,3.5902953945844303,1.600398355648616
2007,USGS.381901113014102,79.35,24.18588,38.31691,-113.0288,USGS,Western Utah,2,2.0,961.749,968.2248095238097,269.6783,3.5902953945844303,1.600398355648616
2008,USGS.381901113014102,80.3,24.47544,38.31691,-113.0288,USGS,Western Utah,2,2.0,939.936,968.2248095238097,269.6783,3.5902953945844303,1.600398355648616
2009,USGS.381901113014102,83.9,25.57272,38.31691,-113.0288,USGS,Western Utah,2,2.0,937.997,968.2248095238097,269.6783,3.5902953945844303,1.600398355648616
2010,USGS.381901113014102,85.05,25.92324,38.31691,-113.0288,USGS,Western Utah,2,2.0,972.836,968.2248095238097,269.6783,3.5902953945844303,1.600398355648616
2011,USGS.381901113014102,86.72,26.432256,38.31691,-113.0288,USGS,Western Utah,2,2.0,1032.944,968.2248095238097,269.6783,3.5902953945844303,1.600398355648616
2012,USGS.381901113014102,82.8,25.23744,38.31691,-113.0288,USGS,Western Utah,2,2.0,1064.031,968.2248095238097,269.6783,3.5902953945844303,1.600398355648616
2013,USGS.381901113014102,84.7,25.81656,38.31691,-113.0288,USGS,Western Utah,2,2.0,912.172,968.2248095238097,269.6783,3.5902953945844303,1.600398355648616
2014,USGS.381901113014102,87.25,26.5938,38.31691,-113.0288,USGS,Western Utah,2,2.0,999.85,968.2248095238097,269.6783,3.5902953945844303,1.600398355648616
2015,USGS.381901113014102,88.78,27.060144,38.31691,-113.0288,USGS,Western Utah,2,2.0,981.066,968.2248095238097,269.6783,3.5902953945844303,1.600398355648616
2016,USGS.381901113014102,91.34,27.840432,38.31691,-113.0288,USGS,Western Utah,2,2.0,960.673,968.2248095238097,269.6783,3.5902953945844303,1.600398355648616
2017,USGS.381901113014102,93.3,28.43784,38.31691,-113.0288,USGS,Western Utah,2,2.0,997.775,968.2248095238097,269.6783,3.5902953945844303,1.600398355648616
2018,USGS.381901113014102,95.23,29.026104,38.31691,-113.0288,USGS,Western Utah,2,2.0,1025.26,968.2248095238097,269.6783,3.5902953945844303,1.600398355648616
2019,USGS.381901113014102,98.09,29.897832,38.31691,-113.0288,USGS,Western Utah,2,2.0,988.195,968.2248095238097,269.6783,3.5902953945844303,1.600398355648616
2020,USGS.381901113014102,95.52,29.114496,38.31691,-113.0288,USGS,Western Utah,2,2.1,1006.5,968.2248095238097,269.6783,3.5902953945844303,1.600398355648616
2000,USGS.383921112175901,78.21,23.838408,38.65806,-112.1672,USGS,Western Utah,2,2.0,396.657,429.4655714285714,290.1147,1.4803303436426642,1.4651265387168855
2001,USGS.383921112175901,80.92,24.664416,38.65806,-112.1672,USGS,Western Utah,2,2.0,473.348,429.4655714285714,290.1147,1.4803303436426642,1.4651265387168855
2002,USGS.383921112175901,81.32,24.786336,38.65806,-112.1672,USGS,Western Utah,2,2.0,429.664,429.4655714285714,290.1147,1.4803303436426642,1.4651265387168855
2003,USGS.383921112175901,83.69,25.508712,38.65806,-112.1672,USGS,Western Utah,2,2.0,473.545,429.4655714285714,290.1147,1.4803303436426642,1.4651265387168855
2004,USGS.383921112175901,84.07,25.624536,38.65806,-112.1672,USGS,Western Utah,2,2.0,476.845,429.4655714285714,290.1147,1.4803303436426642,1.4651265387168855
2005,USGS.383921112175901,84.72,25.822656,38.65806,-112.1672,USGS,Western Utah,2,2.0,494.496,429.4655714285714,290.1147,1.4803303436426642,1.4651265387168855
2006,USGS.383921112175901,79.63,24.271224,38.65806,-112.1672,USGS,Western Utah,2,2.0,452.842,429.4655714285714,290.1147,1.4803303436426642,1.4651265387168855
2007,USGS.383921112175901,80.25,24.4602,38.65806,-112.1672,USGS,Western Utah,2,2.0,446.334,429.4655714285714,290.1147,1.4803303436426642,1.4651265387168855
2008,USGS.383921112175901,82.33,25.094184,38.65806,-112.1672,USGS,Western Utah,2,2.0,409.846,429.4655714285714,290.1147,1.4803303436426642,1.4651265387168855
2009,USGS.383921112175901,82.8,25.23744,38.65806,-112.1672,USGS,Western Utah,2,2.0,450.369,429.4655714285714,290.1147,1.4803303436426642,1.4651265387168855
2010,USGS.383921112175901,83.15,25.34412,38.65806,-112.1672,USGS,Western Utah,2,2.0,442.238,429.4655714285714,290.1147,1.4803303436426642,1.4651265387168855
2011,USGS.383921112175901,82.71,25.210008,38.65806,-112.1672,USGS,Western Utah,2,2.0,516.557,429.4655714285714,290.1147,1.4803303436426642,1.4651265387168855
2012,USGS.383921112175901,78.77,24.009096,38.65806,-112.1672,USGS,Western Utah,2,2.0,471.91,429.4655714285714,290.1147,1.4803303436426642,1.4651265387168855
2013,USGS.383921112175901,81.08,24.713184,38.65806,-112.1672,USGS,Western Utah,2,2.0,414.619,429.4655714285714,290.1147,1.4803303436426642,1.4651265387168855
2014,USGS.383921112175901,83.25,25.3746,38.65806,-112.1672,USGS,Western Utah,2,2.0,400.813,429.4655714285714,290.1147,1.4803303436426642,1.4651265387168855
2015,USGS.383921112175901,84.05,25.61844,38.65806,-112.1672,USGS,Western Utah,2,2.0,422.474,429.4655714285714,290.1147,1.4803303436426642,1.4651265387168855
2016,USGS.383921112175901,85.22,25.975056,38.65806,-112.1672,USGS,Western Utah,2,2.0,410.241,429.4655714285714,290.1147,1.4803303436426642,1.4651265387168855
2017,USGS.383921112175901,85.31,26.002488,38.65806,-112.1672,USGS,Western Utah,2,2.0,447.269,429.4655714285714,290.1147,1.4803303436426642,1.4651265387168855
2018,USGS.383921112175901,84.85,25.86228,38.65806,-112.1672,USGS,Western Utah,2,2.0,309.193,429.4655714285714,290.1147,1.4803303436426642,1.4651265387168855
2019,USGS.383921112175901,86.37,26.325576,38.65806,-112.1672,USGS,Western Utah,2,2.0,372.388,429.4655714285714,290.1147,1.4803303436426642,1.4651265387168855
2020,USGS.383921112175901,82.94,25.280112,38.65806,-112.1672,USGS,Western Utah,2,2.1,307.129,429.4655714285714,290.1147,1.4803303436426642,1.4651265387168855
2000,USGS.390819111530701,21.53,6.562344,39.13857,-111.886,USGS,Western Utah,2,2.0,996.136,962.2350952380953,295.1719,3.259914230491668,1.4453779308258023
2001,USGS.390819111530701,22.86,6.967728,39.13857,-111.886,USGS,Western Utah,2,2.0,999.742,962.2350952380953,295.1719,3.259914230491668,1.4453779308258023
2002,USGS.390819111530701,23.29,7.098792,39.13857,-111.886,USGS,Western Utah,2,2.0,975.896,962.2350952380953,295.1719,3.259914230491668,1.4453779308258023
2003,USGS.390819111530701,24.8,7.55904,39.13857,-111.886,USGS,Western Utah,2,2.0,981.382,962.2350952380953,295.1719,3.259914230491668,1.4453779308258023
2004,USGS.390819111530701,25.18,7.674864,39.13857,-111.886,USGS,Western Utah,2,2.0,926.697,962.2350952380953,295.1719,3.259914230491668,1.4453779308258023
2005,USGS.390819111530701,25.63,7.812024,39.13857,-111.886,USGS,Western Utah,2,2.0,974.563,962.2350952380953,295.1719,3.259914230491668,1.4453779308258023
2006,USGS.390819111530701,24.27,7.397496,39.13857,-111.886,USGS,Western Utah,2,2.0,966.484,962.2350952380953,295.1719,3.259914230491668,1.4453779308258023
2007,USGS.390819111530701,24.14,7.357872,39.13857,-111.886,USGS,Western Utah,2,2.0,1006.164,962.2350952380953,295.1719,3.259914230491668,1.4453779308258023
2008,USGS.390819111530701,24.33,7.415784,39.13857,-111.886,USGS,Western Utah,2,2.0,900.464,962.2350952380953,295.1719,3.259914230491668,1.4453779308258023
2009,USGS.390819111530701,24.84,7.571232,39.13857,-111.886,USGS,Western Utah,2,2.0,934.884,962.2350952380953,295.1719,3.259914230491668,1.4453779308258023
2010,USGS.390819111530701,24.68,7.522464,39.13857,-111.886,USGS,Western Utah,2,2.0,935.141,962.2350952380953,295.1719,3.259914230491668,1.4453779308258023
2011,USGS.390819111530701,24.44,7.449312,39.13857,-111.886,USGS,Western Utah,2,2.0,941.561,962.2350952380953,295.1719,3.259914230491668,1.4453779308258023
2012,USGS.390819111530701,22.32,6.803136,39.13857,-111.886,USGS,Western Utah,2,2.0,970.591,962.2350952380953,295.1719,3.259914230491668,1.4453779308258023
2013,USGS.390819111530701,23.35,7.11708,39.13857,-111.886,USGS,Western Utah,2,2.0,901.507,962.2350952380953,295.1719,3.259914230491668,1.4453779308258023
2014,USGS.390819111530701,24.08,7.339584,39.13857,-111.886,USGS,Western Utah,2,2.0,986.142,962.2350952380953,295.1719,3.259914230491668,1.4453779308258023
2015,USGS.390819111530701,24.38,7.431024,39.13857,-111.886,USGS,Western Utah,2,2.0,959.151,962.2350952380953,295.1719,3.259914230491668,1.4453779308258023
2016,USGS.390819111530701,25.35,7.72668,39.13857,-111.886,USGS,Western Utah,2,2.0,972.674,962.2350952380953,295.1719,3.259914230491668,1.4453779308258023
2017,USGS.390819111530701,25.5,7.7724,39.13857,-111.886,USGS,Western Utah,2,2.0,973.699,962.2350952380953,295.1719,3.259914230491668,1.4453779308258023
2018,USGS.390819111530701,25.69,7.830312,39.13857,-111.886,USGS,Western Utah,2,2.0,950.242,962.2350952380953,295.1719,3.259914230491668,1.4453779308258023
2019,USGS.390819111530701,26.34,8.028432,39.13857,-111.886,USGS,Western Utah,2,2.0,948.345,962.2350952380953,295.1719,3.259914230491668,1.4453779308258023
2020,USGS.390819111530701,25.09,7.647432,39.13857,-111.886,USGS,Western Utah,2,2.1,1005.472,962.2350952380953,295.1719,3.259914230491668,1.4453779308258023
2000,USGS.392601112412201,12.47,3.800856,39.43356,-112.6902,USGS,Western Utah,2,2.0,503.129,471.2231428571428,235.4459,2.001407234786892,1.3838775126236698
2001,USGS.392601112412201,14.04,4.279392,39.43356,-112.6902,USGS,Western Utah,2,2.0,445.224,471.2231428571428,235.4459,2.001407234786892,1.3838775126236698
2002,USGS.392601112412201,17.49,5.330952,39.43356,-112.6902,USGS,Western Utah,2,2.0,385.505,471.2231428571428,235.4459,2.001407234786892,1.3838775126236698
2003,USGS.392601112412201,22.65,6.90372,39.43356,-112.6902,USGS,Western Utah,2,2.0,483.216,471.2231428571428,235.4459,2.001407234786892,1.3838775126236698
2004,USGS.392601112412201,24.04,7.327392,39.43356,-112.6902,USGS,Western Utah,2,2.0,438.7,471.2231428571428,235.4459,2.001407234786892,1.3838775126236698
2005,USGS.392601112412201,25.25,7.6962,39.43356,-112.6902,USGS,Western Utah,2,2.0,508.388,471.2231428571428,235.4459,2.001407234786892,1.3838775126236698
2006,USGS.392601112412201,24.35,7.42188,39.43356,-112.6902,USGS,Western Utah,2,2.0,461.826,471.2231428571428,235.4459,2.001407234786892,1.3838775126236698
2007,USGS.392601112412201,21.05,6.41604,39.43356,-112.6902,USGS,Western Utah,2,2.0,437.458,471.2231428571428,235.4459,2.001407234786892,1.3838775126236698
2008,USGS.392601112412201,25.59,7.799832,39.43356,-112.6902,USGS,Western Utah,2,2.0,392.751,471.2231428571428,235.4459,2.001407234786892,1.3838775126236698
2009,USGS.392601112412201,25.31,7.714488,39.43356,-112.6902,USGS,Western Utah,2,2.0,414.121,471.2231428571428,235.4459,2.001407234786892,1.3838775126236698
2010,USGS.392601112412201,25.43,7.751064,39.43356,-112.6902,USGS,Western Utah,2,2.0,430.507,471.2231428571428,235.4459,2.001407234786892,1.3838775126236698
2011,USGS.392601112412201,24.49,7.464552,39.43356,-112.6902,USGS,Western Utah,2,2.0,585.592,471.2231428571428,235.4459,2.001407234786892,1.3838775126236698
2012,USGS.392601112412201,21.63,6.592824,39.43356,-112.6902,USGS,Western Utah,2,2.0,464.707,471.2231428571428,235.4459,2.001407234786892,1.3838775126236698
2013,USGS.392601112412201,22.76,6.937248,39.43356,-112.6902,USGS,Western Utah,2,2.0,458.252,471.2231428571428,235.4459,2.001407234786892,1.3838775126236698
2014,USGS.392601112412201,23.94,7.296912,39.43356,-112.6902,USGS,Western Utah,2,2.0,473.087,471.2231428571428,235.4459,2.001407234786892,1.3838775126236698
2015,USGS.392601112412201,26.34,8.028432,39.43356,-112.6902,USGS,Western Utah,2,2.0,465.819,471.2231428571428,235.4459,2.001407234786892,1.3838775126236698
2016,USGS.392601112412201,28.09,8.561832,39.43356,-112.6902,USGS,Western Utah,2,2.0,456.776,471.2231428571428,235.4459,2.001407234786892,1.3838775126236698
2017,USGS.392601112412201,30.14,9.186672,39.43356,-112.6902,USGS,Western Utah,2,2.0,556.159,471.2231428571428,235.4459,2.001407234786892,1.3838775126236698
2018,USGS.392601112412201,30.17,9.195816,39.43356,-112.6902,USGS,Western Utah,2,2.0,445.502,471.2231428571428,235.4459,2.001407234786892,1.3838775126236698
2019,USGS.392601112412201,31.8,9.69264,39.43356,-112.6902,USGS,Western Utah,2,2.0,591.771,471.2231428571428,235.4459,2.001407234786892,1.3838775126236698
2020,USGS.392601112412201,31.53,9.610344,39.43356,-112.6902,USGS,Western Utah,2,2.1,497.196,471.2231428571428,235.4459,2.001407234786892,1.3838775126236698
2000,USGS.400932101404101,66.285,20.203668,40.15888,-101.6785,USGS,Central Nebraska,2,2.0,646.919,681.059,522.2361,1.3041209155903075,1.7057884188070958
2001,USGS.400932101404101,68.915,21.005292,40.15888,-101.6785,USGS,Central Nebraska,2,2.0,688.367,681.059,522.2361,1.3041209155903075,1.7057884188070958
2002,USGS.400932101404101,80.88,24.652224,40.15888,-101.6785,USGS,Central Nebraska,2,2.0,663.237,681.059,522.2361,1.3041209155903075,1.7057884188070958
2003,USGS.400932101404101,84.02,25.609296,40.15888,-101.6785,USGS,Central Nebraska,2,2.0,664.108,681.059,522.2361,1.3041209155903075,1.7057884188070958
2004,USGS.400932101404101,86.67,26.417016,40.15888,-101.6785,USGS,Central Nebraska,2,2.0,633.232,681.059,522.2361,1.3041209155903075,1.7057884188070958
2005,USGS.400932101404101,87.96,26.810208,40.15888,-101.6785,USGS,Central Nebraska,2,2.0,747.221,681.059,522.2361,1.3041209155903075,1.7057884188070958
2006,USGS.400932101404101,92.54,28.206192,40.15888,-101.6785,USGS,Central Nebraska,2,2.0,616.139,681.059,522.2361,1.3041209155903075,1.7057884188070958
2007,USGS.400932101404101,91.085,27.762708,40.15888,-101.6785,USGS,Central Nebraska,2,2.0,651.8,681.059,522.2361,1.3041209155903075,1.7057884188070958
2008,USGS.400932101404101,93.77,28.581096,40.15888,-101.6785,USGS,Central Nebraska,2,2.0,648.876,681.059,522.2361,1.3041209155903075,1.7057884188070958
2009,USGS.400932101404101,93.92,28.626816,40.15888,-101.6785,USGS,Central Nebraska,2,2.0,622.515,681.059,522.2361,1.3041209155903075,1.7057884188070958
2010,USGS.400932101404101,94.055,28.667964,40.15888,-101.6785,USGS,Central Nebraska,2,2.0,698.672,681.059,522.2361,1.3041209155903075,1.7057884188070958
2011,USGS.400932101404101,95.275,29.03982,40.15888,-101.6785,USGS,Central Nebraska,2,2.0,699.918,681.059,522.2361,1.3041209155903075,1.7057884188070958
2012,USGS.400932101404101,95.395,29.076396,40.15888,-101.6785,USGS,Central Nebraska,2,2.0,606.317,681.059,522.2361,1.3041209155903075,1.7057884188070958
2013,USGS.400932101404101,96.86,29.522928,40.15888,-101.6785,USGS,Central Nebraska,2,2.0,636.042,681.059,522.2361,1.3041209155903075,1.7057884188070958
2014,USGS.400932101404101,98.82,30.120336,40.15888,-101.6785,USGS,Central Nebraska,2,2.0,657.583,681.059,522.2361,1.3041209155903075,1.7057884188070958
2015,USGS.400932101404101,99.915,30.454092,40.15888,-101.6785,USGS,Central Nebraska,2,2.0,775.618,681.059,522.2361,1.3041209155903075,1.7057884188070958
2016,USGS.400932101404101,101.565,30.957012,40.15888,-101.6785,USGS,Central Nebraska,2,2.0,779.715,681.059,522.2361,1.3041209155903075,1.7057884188070958
2017,USGS.400932101404101,101.33,30.885384,40.15888,-101.6785,USGS,Central Nebraska,2,2.0,717.449,681.059,522.2361,1.3041209155903075,1.7057884188070958
2018,USGS.400932101404101,101.38,30.900624,40.15888,-101.6785,USGS,Central Nebraska,2,2.0,777.325,681.059,522.2361,1.3041209155903075,1.7057884188070958
2019,USGS.400932101404101,104.02,31.705296,40.15888,-101.6785,USGS,Central Nebraska,2,2.0,640.849,681.059,522.2361,1.3041209155903075,1.7057884188070958
2020,USGS.400932101404101,103.755,31.624524,40.15888,-101.6785,USGS,Central Nebraska,2,2.1,730.337,681.059,522.2361,1.3041209155903075,1.7057884188070958
2000,USGS.402103099402900,103.255,31.472124,40.35123,-99.67398,USGS,Central Nebraska,2,2.0,624.084,692.1917142857143,691.0645,1.0016311069407575,1.7255035965775636
2001,USGS.402103099402900,104.985,31.999428,40.35123,-99.67398,USGS,Central Nebraska,2,2.0,711.421,692.1917142857143,691.0645,1.0016311069407575,1.7255035965775636
2002,USGS.402103099402900,105.615,32.191452,40.35123,-99.67398,USGS,Central Nebraska,2,2.0,584.168,692.1917142857143,691.0645,1.0016311069407575,1.7255035965775636
2003,USGS.402103099402900,108.295,33.008316,40.35123,-99.67398,USGS,Central Nebraska,2,2.0,655.943,692.1917142857143,691.0645,1.0016311069407575,1.7255035965775636
2004,USGS.402103099402900,110.31,33.622488,40.35123,-99.67398,USGS,Central Nebraska,2,2.0,666.715,692.1917142857143,691.0645,1.0016311069407575,1.7255035965775636
2005,USGS.402103099402900,112.725,34.35858,40.35123,-99.67398,USGS,Central Nebraska,2,2.0,753.141,692.1917142857143,691.0645,1.0016311069407575,1.7255035965775636
2006,USGS.402103099402900,113.355,34.550604,40.35123,-99.67398,USGS,Central Nebraska,2,2.0,644.415,692.1917142857143,691.0645,1.0016311069407575,1.7255035965775636
2007,USGS.402103099402900,114.305,34.840164,40.35123,-99.67398,USGS,Central Nebraska,2,2.0,766.123,692.1917142857143,691.0645,1.0016311069407575,1.7255035965775636
2008,USGS.402103099402900,113.695,34.654236,40.35123,-99.67398,USGS,Central Nebraska,2,2.0,698.979,692.1917142857143,691.0645,1.0016311069407575,1.7255035965775636
2009,USGS.402103099402900,112.81,34.384488,40.35123,-99.67398,USGS,Central Nebraska,2,2.0,721.77,692.1917142857143,691.0645,1.0016311069407575,1.7255035965775636
2010,USGS.402103099402900,112.34,34.241232,40.35123,-99.67398,USGS,Central Nebraska,2,2.0,738.789,692.1917142857143,691.0645,1.0016311069407575,1.7255035965775636
2011,USGS.402103099402900,112.285,34.224468,40.35123,-99.67398,USGS,Central Nebraska,2,2.0,687.507,692.1917142857143,691.0645,1.0016311069407575,1.7255035965775636
2012,USGS.402103099402900,110.95,33.81756,40.35123,-99.67398,USGS,Central Nebraska,2,2.0,719.514,692.1917142857143,691.0645,1.0016311069407575,1.7255035965775636
2013,USGS.402103099402900,113.62,34.631376,40.35123,-99.67398,USGS,Central Nebraska,2,2.0,620.743,692.1917142857143,691.0645,1.0016311069407575,1.7255035965775636
2014,USGS.402103099402900,115.185,35.108388,40.35123,-99.67398,USGS,Central Nebraska,2,2.0,683.377,692.1917142857143,691.0645,1.0016311069407575,1.7255035965775636
2015,USGS.402103099402900,114.405,34.870644,40.35123,-99.67398,USGS,Central Nebraska,2,2.0,725.944,692.1917142857143,691.0645,1.0016311069407575,1.7255035965775636
2016,USGS.402103099402900,114.25,34.8234,40.35123,-99.67398,USGS,Central Nebraska,2,2.0,707.084,692.1917142857143,691.0645,1.0016311069407575,1.7255035965775636
2017,USGS.402103099402900,114.91,35.024568,40.35123,-99.67398,USGS,Central Nebraska,2,2.0,759.757,692.1917142857143,691.0645,1.0016311069407575,1.7255035965775636
2018,USGS.402103099402900,114.625,34.9377,40.35123,-99.67398,USGS,Central Nebraska,2,2.0,698.28,692.1917142857143,691.0645,1.0016311069407575,1.7255035965775636
2019,USGS.402103099402900,114.99,35.048952,40.35123,-99.67398,USGS,Central Nebraska,2,2.0,671.667,692.1917142857143,691.0645,1.0016311069407575,1.7255035965775636
2020,USGS.402103099402900,113.265,34.523172,40.35123,-99.67398,USGS,Central Nebraska,2,2.1,696.605,692.1917142857143,691.0645,1.0016311069407575,1.7255035965775636
2000,USGS.402408099584800,94.48,28.797504,40.402,-99.98177,USGS,Central Nebraska,2,2.0,511.839,690.4644285714286,650.5773,1.0613104082663107,1.7461609305590622
2001,USGS.402408099584800,93.975,28.64358,40.402,-99.98177,USGS,Central Nebraska,2,2.0,717.91,690.4644285714286,650.5773,1.0613104082663107,1.7461609305590622
2002,USGS.402408099584800,95.94,29.242512,40.402,-99.98177,USGS,Central Nebraska,2,2.0,573.039,690.4644285714286,650.5773,1.0613104082663107,1.7461609305590622
2003,USGS.402408099584800,99.715,30.393132,40.402,-99.98177,USGS,Central Nebraska,2,2.0,676.349,690.4644285714286,650.5773,1.0613104082663107,1.7461609305590622
2004,USGS.402408099584800,102.345,31.194756,40.402,-99.98177,USGS,Central Nebraska,2,2.0,693.34,690.4644285714286,650.5773,1.0613104082663107,1.7461609305590622
2005,USGS.402408099584800,100.71,30.696408,40.402,-99.98177,USGS,Central Nebraska,2,2.0,793.04,690.4644285714286,650.5773,1.0613104082663107,1.7461609305590622
2006,USGS.402408099584800,100.315,30.576012,40.402,-99.98177,USGS,Central Nebraska,2,2.0,664.921,690.4644285714286,650.5773,1.0613104082663107,1.7461609305590622
2007,USGS.402408099584800,99.64,30.370272,40.402,-99.98177,USGS,Central Nebraska,2,2.0,708.848,690.4644285714286,650.5773,1.0613104082663107,1.7461609305590622
2008,USGS.402408099584800,97.21,29.629608,40.402,-99.98177,USGS,Central Nebraska,2,2.0,689.876,690.4644285714286,650.5773,1.0613104082663107,1.7461609305590622
2009,USGS.402408099584800,97.35,29.67228,40.402,-99.98177,USGS,Central Nebraska,2,2.0,702.474,690.4644285714286,650.5773,1.0613104082663107,1.7461609305590622
2010,USGS.402408099584800,96.41,29.385768,40.402,-99.98177,USGS,Central Nebraska,2,2.0,674.31,690.4644285714286,650.5773,1.0613104082663107,1.7461609305590622
2011,USGS.402408099584800,96.385,29.378148,40.402,-99.98177,USGS,Central Nebraska,2,2.0,696.849,690.4644285714286,650.5773,1.0613104082663107,1.7461609305590622
2012,USGS.402408099584800,96.26,29.340048,40.402,-99.98177,USGS,Central Nebraska,2,2.0,699.238,690.4644285714286,650.5773,1.0613104082663107,1.7461609305590622
2013,USGS.402408099584800,99.045,30.188916,40.402,-99.98177,USGS,Central Nebraska,2,2.0,631.626,690.4644285714286,650.5773,1.0613104082663107,1.7461609305590622
2014,USGS.402408099584800,99.445,30.310836,40.402,-99.98177,USGS,Central Nebraska,2,2.0,692.161,690.4644285714286,650.5773,1.0613104082663107,1.7461609305590622
2015,USGS.402408099584800,100.615,30.667452,40.402,-99.98177,USGS,Central Nebraska,2,2.0,758.193,690.4644285714286,650.5773,1.0613104082663107,1.7461609305590622
2016,USGS.402408099584800,98.865,30.134052,40.402,-99.98177,USGS,Central Nebraska,2,2.0,746.248,690.4644285714286,650.5773,1.0613104082663107,1.7461609305590622
2017,USGS.402408099584800,99.1,30.20568,40.402,-99.98177,USGS,Central Nebraska,2,2.0,648.568,690.4644285714286,650.5773,1.0613104082663107,1.7461609305590622
2018,USGS.402408099584800,97.615,29.753052,40.402,-99.98177,USGS,Central Nebraska,2,2.0,760.989,690.4644285714286,650.5773,1.0613104082663107,1.7461609305590622
2019,USGS.402408099584800,96.26,29.340048,40.402,-99.98177,USGS,Central Nebraska,2,2.0,676.583,690.4644285714286,650.5773,1.0613104082663107,1.7461609305590622
2020,USGS.402408099584800,94.49,28.800552,40.402,-99.98177,USGS,Central Nebraska,2,2.1,783.352,690.4644285714286,650.5773,1.0613104082663107,1.7461609305590622
2000,USGS.403235101395501,96.21916667,29.327602,40.54472,-101.6668,USGS,Central Nebraska,2,2.0,735.197,730.2570476190476,549.83923,1.3281283023502826,1.7065389647073057
2001,USGS.403235101395501,98.28583333,29.957522,40.54472,-101.6668,USGS,Central Nebraska,2,2.0,741.164,730.2570476190476,549.83923,1.3281283023502826,1.7065389647073057
2002,USGS.403235101395501,100.3458333,30.58540999,40.54472,-101.6668,USGS,Central Nebraska,2,2.0,717.495,730.2570476190476,549.83923,1.3281283023502826,1.7065389647073057
2003,USGS.403235101395501,103.1092308,31.42769355,40.54472,-101.6668,USGS,Central Nebraska,2,2.0,752.143,730.2570476190476,549.83923,1.3281283023502826,1.7065389647073057
2004,USGS.403235101395501,104.4171429,31.82634516,40.54472,-101.6668,USGS,Central Nebraska,2,2.0,657.848,730.2570476190476,549.83923,1.3281283023502826,1.7065389647073057
2005,USGS.403235101395501,106.37625,32.423481,40.54472,-101.6668,USGS,Central Nebraska,2,2.0,827.027,730.2570476190476,549.83923,1.3281283023502826,1.7065389647073057
2006,USGS.403235101395501,109.0017391,33.22373008,40.54472,-101.6668,USGS,Central Nebraska,2,2.0,713.77,730.2570476190476,549.83923,1.3281283023502826,1.7065389647073057
2007,USGS.403235101395501,110.1083333,33.56101999,40.54472,-101.6668,USGS,Central Nebraska,2,2.0,724.358,730.2570476190476,549.83923,1.3281283023502826,1.7065389647073057
2008,USGS.403235101395501,110.7314286,33.75093944,40.54472,-101.6668,USGS,Central Nebraska,2,2.0,736.054,730.2570476190476,549.83923,1.3281283023502826,1.7065389647073057
2009,USGS.403235101395501,110.4091667,33.65271401,40.54472,-101.6668,USGS,Central Nebraska,2,2.0,729.035,730.2570476190476,549.83923,1.3281283023502826,1.7065389647073057
2010,USGS.403235101395501,109.0633333,33.24250399,40.54472,-101.6668,USGS,Central Nebraska,2,2.0,737.622,730.2570476190476,549.83923,1.3281283023502826,1.7065389647073057
2011,USGS.403235101395501,106.5258824,32.46908896,40.54472,-101.6668,USGS,Central Nebraska,2,2.0,621.417,730.2570476190476,549.83923,1.3281283023502826,1.7065389647073057
2012,USGS.403235101395501,106.2584615,32.38757907,40.54472,-101.6668,USGS,Central Nebraska,2,2.0,708.199,730.2570476190476,549.83923,1.3281283023502826,1.7065389647073057
2013,USGS.403235101395501,107.5061538,32.76787568,40.54472,-101.6668,USGS,Central Nebraska,2,2.0,715.411,730.2570476190476,549.83923,1.3281283023502826,1.7065389647073057
2014,USGS.403235101395501,108.6415385,33.11394093,40.54472,-101.6668,USGS,Central Nebraska,2,2.0,764.682,730.2570476190476,549.83923,1.3281283023502826,1.7065389647073057
2015,USGS.403235101395501,109.8076923,33.46938461,40.54472,-101.6668,USGS,Central Nebraska,2,2.0,759.858,730.2570476190476,549.83923,1.3281283023502826,1.7065389647073057
2016,USGS.403235101395501,110.7441667,33.75482201,40.54472,-101.6668,USGS,Central Nebraska,2,2.0,742.047,730.2570476190476,549.83923,1.3281283023502826,1.7065389647073057
2017,USGS.403235101395501,111.148,33.8779104,40.54472,-101.6668,USGS,Central Nebraska,2,2.0,758.968,730.2570476190476,549.83923,1.3281283023502826,1.7065389647073057
2018,USGS.403235101395501,112.28,34.222944,40.54472,-101.6668,USGS,Central Nebraska,2,2.0,757.574,730.2570476190476,549.83923,1.3281283023502826,1.7065389647073057
2019,USGS.403235101395501,112.16,34.186368,40.54472,-101.6668,USGS,Central Nebraska,2,2.0,670.38,730.2570476190476,549.83923,1.3281283023502826,1.7065389647073057
2020,USGS.403235101395501,113.3425,34.546794,40.54472,-101.6668,USGS,Central Nebraska,2,2.1,765.149,730.2570476190476,549.83923,1.3281283023502826,1.7065389647073057
2000,USGS.403949098182201,109.15,33.26892,40.66362,-98.30645,USGS,Central Nebraska,2,2.0,713.86,716.7177142857142,757.97626,0.945567499456838,1.7863398132169426
2001,USGS.403949098182201,107.32,32.711136,40.66362,-98.30645,USGS,Central Nebraska,2,2.0,641.786,716.7177142857142,757.97626,0.945567499456838,1.7863398132169426
2002,USGS.403949098182201,107.72,32.833056,40.66362,-98.30645,USGS,Central Nebraska,2,2.0,705.235,716.7177142857142,757.97626,0.945567499456838,1.7863398132169426
2003,USGS.403949098182201,110.39,33.646872,40.66362,-98.30645,USGS,Central Nebraska,2,2.0,706.748,716.7177142857142,757.97626,0.945567499456838,1.7863398132169426
2004,USGS.403949098182201,112.55,34.30524,40.66362,-98.30645,USGS,Central Nebraska,2,2.0,675.028,716.7177142857142,757.97626,0.945567499456838,1.7863398132169426
2005,USGS.403949098182201,115.31,35.146488,40.66362,-98.30645,USGS,Central Nebraska,2,2.0,702.459,716.7177142857142,757.97626,0.945567499456838,1.7863398132169426
2006,USGS.403949098182201,115.62,35.240976,40.66362,-98.30645,USGS,Central Nebraska,2,2.0,743.519,716.7177142857142,757.97626,0.945567499456838,1.7863398132169426
2007,USGS.403949098182201,117.85,35.92068,40.66362,-98.30645,USGS,Central Nebraska,2,2.0,750.968,716.7177142857142,757.97626,0.945567499456838,1.7863398132169426
2008,USGS.403949098182201,118.18,36.021264,40.66362,-98.30645,USGS,Central Nebraska,2,2.0,720.828,716.7177142857142,757.97626,0.945567499456838,1.7863398132169426
2009,USGS.403949098182201,116.6,35.53968,40.66362,-98.30645,USGS,Central Nebraska,2,2.0,627.546,716.7177142857142,757.97626,0.945567499456838,1.7863398132169426
2010,USGS.403949098182201,116.18,35.411664,40.66362,-98.30645,USGS,Central Nebraska,2,2.0,708.515,716.7177142857142,757.97626,0.945567499456838,1.7863398132169426
2011,USGS.403949098182201,116.2,35.41776,40.66362,-98.30645,USGS,Central Nebraska,2,2.0,702.332,716.7177142857142,757.97626,0.945567499456838,1.7863398132169426
2012,USGS.403949098182201,115.9,35.32632,40.66362,-98.30645,USGS,Central Nebraska,2,2.0,764.26,716.7177142857142,757.97626,0.945567499456838,1.7863398132169426
2013,USGS.403949098182201,118.04,35.978592,40.66362,-98.30645,USGS,Central Nebraska,2,2.0,720.776,716.7177142857142,757.97626,0.945567499456838,1.7863398132169426
2014,USGS.403949098182201,119.6,36.45408,40.66362,-98.30645,USGS,Central Nebraska,2,2.0,681.236,716.7177142857142,757.97626,0.945567499456838,1.7863398132169426
2015,USGS.403949098182201,119.82,36.521136,40.66362,-98.30645,USGS,Central Nebraska,2,2.0,725.428,716.7177142857142,757.97626,0.945567499456838,1.7863398132169426
2016,USGS.403949098182201,119.56,36.441888,40.66362,-98.30645,USGS,Central Nebraska,2,2.0,777.678,716.7177142857142,757.97626,0.945567499456838,1.7863398132169426
2017,USGS.403949098182201,120.01,36.579048,40.66362,-98.30645,USGS,Central Nebraska,2,2.0,749.58,716.7177142857142,757.97626,0.945567499456838,1.7863398132169426
2018,USGS.403949098182201,119.76,36.502848,40.66362,-98.30645,USGS,Central Nebraska,2,2.0,720.861,716.7177142857142,757.97626,0.945567499456838,1.7863398132169426
2019,USGS.403949098182201,119.57,36.444936,40.66362,-98.30645,USGS,Central Nebraska,2,2.0,734.775,716.7177142857142,757.97626,0.945567499456838,1.7863398132169426
2020,USGS.403949098182201,117.87,35.926776,40.66362,-98.30645,USGS,Central Nebraska,2,2.1,777.654,716.7177142857142,757.97626,0.945567499456838,1.7863398132169426
2000,USGS.412603099492001,198.815,60.598812,41.43417,-99.82262,USGS,Central Nebraska,2,2.0,612.27,675.4612380952381,697.6142,0.9682446848351968,1.6558332424269555
2001,USGS.412603099492001,200.45,61.09716,41.43417,-99.82262,USGS,Central Nebraska,2,2.0,641.463,675.4612380952381,697.6142,0.9682446848351968,1.6558332424269555
2002,USGS.412603099492001,201.185,61.321188,41.43417,-99.82262,USGS,Central Nebraska,2,2.0,561.713,675.4612380952381,697.6142,0.9682446848351968,1.6558332424269555
2003,USGS.412603099492001,203.41,61.999368,41.43417,-99.82262,USGS,Central Nebraska,2,2.0,642.736,675.4612380952381,697.6142,0.9682446848351968,1.6558332424269555
2004,USGS.412603099492001,205.74,62.709552,41.43417,-99.82262,USGS,Central Nebraska,2,2.0,589.313,675.4612380952381,697.6142,0.9682446848351968,1.6558332424269555
2005,USGS.412603099492001,208.115,63.433452,41.43417,-99.82262,USGS,Central Nebraska,2,2.0,696.187,675.4612380952381,697.6142,0.9682446848351968,1.6558332424269555
2006,USGS.412603099492001,208.125,63.4365,41.43417,-99.82262,USGS,Central Nebraska,2,2.0,583.474,675.4612380952381,697.6142,0.9682446848351968,1.6558332424269555
2007,USGS.412603099492001,211.36,64.422528,41.43417,-99.82262,USGS,Central Nebraska,2,2.0,732.725,675.4612380952381,697.6142,0.9682446848351968,1.6558332424269555
2008,USGS.412603099492001,208.72,63.617856,41.43417,-99.82262,USGS,Central Nebraska,2,2.0,680.01,675.4612380952381,697.6142,0.9682446848351968,1.6558332424269555
2009,USGS.412603099492001,208.095,63.427356,41.43417,-99.82262,USGS,Central Nebraska,2,2.0,673.059,675.4612380952381,697.6142,0.9682446848351968,1.6558332424269555
2010,USGS.412603099492001,204.925,62.46114,41.43417,-99.82262,USGS,Central Nebraska,2,2.0,706.075,675.4612380952381,697.6142,0.9682446848351968,1.6558332424269555
2011,USGS.412603099492001,202.175,61.62294,41.43417,-99.82262,USGS,Central Nebraska,2,2.0,733.117,675.4612380952381,697.6142,0.9682446848351968,1.6558332424269555
2012,USGS.412603099492001,201.925,61.54674,41.43417,-99.82262,USGS,Central Nebraska,2,2.0,588.632,675.4612380952381,697.6142,0.9682446848351968,1.6558332424269555
2013,USGS.412603099492001,207.84,63.349632,41.43417,-99.82262,USGS,Central Nebraska,2,2.0,720.773,675.4612380952381,697.6142,0.9682446848351968,1.6558332424269555
2014,USGS.412603099492001,207.325,63.19266,41.43417,-99.82262,USGS,Central Nebraska,2,2.0,707.916,675.4612380952381,697.6142,0.9682446848351968,1.6558332424269555
2015,USGS.412603099492001,207.025,63.10122,41.43417,-99.82262,USGS,Central Nebraska,2,2.0,709.088,675.4612380952381,697.6142,0.9682446848351968,1.6558332424269555
2016,USGS.412603099492001,208.45,63.53556,41.43417,-99.82262,USGS,Central Nebraska,2,2.0,795.393,675.4612380952381,697.6142,0.9682446848351968,1.6558332424269555
2017,USGS.412603099492001,208.25,63.4746,41.43417,-99.82262,USGS,Central Nebraska,2,2.0,638.467,675.4612380952381,697.6142,0.9682446848351968,1.6558332424269555
2018,USGS.412603099492001,206.675,62.99454,41.43417,-99.82262,USGS,Central Nebraska,2,2.0,733.17,675.4612380952381,697.6142,0.9682446848351968,1.6558332424269555
2019,USGS.412603099492001,204.9,62.45352,41.43417,-99.82262,USGS,Central Nebraska,2,2.0,703.488,675.4612380952381,697.6142,0.9682446848351968,1.6558332424269555
2020,USGS.412603099492001,199.18,60.710064,41.43417,-99.82262,USGS,Central Nebraska,2,2.1,735.617,675.4612380952381,697.6142,0.9682446848351968,1.6558332424269555
2000,USGS.415754112551301,195.87,59.701176,41.96492,-112.9211,USGS,Southern Idaho,2,2.0,448.739,532.4891904761904,319.95804,1.6642469533047295,1.5238036862062616
2001,USGS.415754112551301,201.76,61.496448,41.96492,-112.9211,USGS,Southern Idaho,2,2.0,457.077,532.4891904761904,319.95804,1.6642469533047295,1.5238036862062616
2002,USGS.415754112551301,194.08,59.155584,41.96492,-112.9211,USGS,Southern Idaho,2,2.0,464.743,532.4891904761904,319.95804,1.6642469533047295,1.5238036862062616
2003,USGS.415754112551301,194.86,59.393328,41.96492,-112.9211,USGS,Southern Idaho,2,2.0,466.115,532.4891904761904,319.95804,1.6642469533047295,1.5238036862062616
2004,USGS.415754112551301,189.12,57.643776,41.96492,-112.9211,USGS,Southern Idaho,2,2.0,388.325,532.4891904761904,319.95804,1.6642469533047295,1.5238036862062616
2005,USGS.415754112551301,198.19,60.408312,41.96492,-112.9211,USGS,Southern Idaho,2,2.0,496.925,532.4891904761904,319.95804,1.6642469533047295,1.5238036862062616
2006,USGS.415754112551301,198.0,60.3504,41.96492,-112.9211,USGS,Southern Idaho,2,2.0,364.294,532.4891904761904,319.95804,1.6642469533047295,1.5238036862062616
2007,USGS.415754112551301,183.27,55.860696,41.96492,-112.9211,USGS,Southern Idaho,2,2.0,355.543,532.4891904761904,319.95804,1.6642469533047295,1.5238036862062616
2008,USGS.415754112551301,184.42,56.211216,41.96492,-112.9211,USGS,Southern Idaho,2,2.0,338.846,532.4891904761904,319.95804,1.6642469533047295,1.5238036862062616
2009,USGS.415754112551301,186.38,56.808624,41.96492,-112.9211,USGS,Southern Idaho,2,2.0,547.185,532.4891904761904,319.95804,1.6642469533047295,1.5238036862062616
2010,USGS.415754112551301,186.67,56.897016,41.96492,-112.9211,USGS,Southern Idaho,2,2.0,563.922,532.4891904761904,319.95804,1.6642469533047295,1.5238036862062616
2011,USGS.415754112551301,188.46,57.442608,41.96492,-112.9211,USGS,Southern Idaho,2,2.0,692.281,532.4891904761904,319.95804,1.6642469533047295,1.5238036862062616
2012,USGS.415754112551301,188.67,57.506616,41.96492,-112.9211,USGS,Southern Idaho,2,2.0,572.67,532.4891904761904,319.95804,1.6642469533047295,1.5238036862062616
2013,USGS.415754112551301,195.23,59.506104,41.96492,-112.9211,USGS,Southern Idaho,2,2.0,579.912,532.4891904761904,319.95804,1.6642469533047295,1.5238036862062616
2014,USGS.415754112551301,222.43,67.796664,41.96492,-112.9211,USGS,Southern Idaho,2,2.0,579.38,532.4891904761904,319.95804,1.6642469533047295,1.5238036862062616
2015,USGS.415754112551301,211.43,64.443864,41.96492,-112.9211,USGS,Southern Idaho,2,2.0,648.128,532.4891904761904,319.95804,1.6642469533047295,1.5238036862062616
2016,USGS.415754112551301,196.41,59.865768,41.96492,-112.9211,USGS,Southern Idaho,2,2.0,682.819,532.4891904761904,319.95804,1.6642469533047295,1.5238036862062616
2017,USGS.415754112551301,190.12,57.948576,41.96492,-112.9211,USGS,Southern Idaho,2,2.0,608.248,532.4891904761904,319.95804,1.6642469533047295,1.5238036862062616
2018,USGS.415754112551301,187.61,57.183528,41.96492,-112.9211,USGS,Southern Idaho,2,2.0,636.058,532.4891904761904,319.95804,1.6642469533047295,1.5238036862062616
2019,USGS.415754112551301,191.09,58.244232,41.96492,-112.9211,USGS,Southern Idaho,2,2.0,641.397,532.4891904761904,319.95804,1.6642469533047295,1.5238036862062616
2020,USGS.415754112551301,202.34,61.673232,41.96492,-112.9211,USGS,Southern Idaho,2,2.1,649.666,532.4891904761904,319.95804,1.6642469533047295,1.5238036862062616
2000,USGS.433218112191601,581.682,177.2966736,43.53824,-112.3219,USGS,Southern Idaho,2,2.0,565.609,540.7489047619048,297.0161,1.820604608915139,1.3703200836838467
2001,USGS.433218112191601,582.6075,177.578766,43.53824,-112.3219,USGS,Southern Idaho,2,2.0,473.546,540.7489047619048,297.0161,1.820604608915139,1.3703200836838467
2002,USGS.433218112191601,586.7775,178.849782,43.53824,-112.3219,USGS,Southern Idaho,2,2.0,533.057,540.7489047619048,297.0161,1.820604608915139,1.3703200836838467
2003,USGS.433218112191601,590.0025,179.832762,43.53824,-112.3219,USGS,Southern Idaho,2,2.0,500.976,540.7489047619048,297.0161,1.820604608915139,1.3703200836838467
2004,USGS.433218112191601,592.18,180.496464,43.53824,-112.3219,USGS,Southern Idaho,2,2.0,534.647,540.7489047619048,297.0161,1.820604608915139,1.3703200836838467
2005,USGS.433218112191601,591.94,180.423312,43.53824,-112.3219,USGS,Southern Idaho,2,2.0,518.509,540.7489047619048,297.0161,1.820604608915139,1.3703200836838467
2006,USGS.433218112191601,590.7675,180.065934,43.53824,-112.3219,USGS,Southern Idaho,2,2.0,545.906,540.7489047619048,297.0161,1.820604608915139,1.3703200836838467
2007,USGS.433218112191601,589.935,179.812188,43.53824,-112.3219,USGS,Southern Idaho,2,2.0,552.555,540.7489047619048,297.0161,1.820604608915139,1.3703200836838467
2008,USGS.433218112191601,591.225,180.20538,43.53824,-112.3219,USGS,Southern Idaho,2,2.0,480.243,540.7489047619048,297.0161,1.820604608915139,1.3703200836838467
2009,USGS.433218112191601,592.4425,180.576474,43.53824,-112.3219,USGS,Southern Idaho,2,2.0,513.942,540.7489047619048,297.0161,1.820604608915139,1.3703200836838467
2010,USGS.433218112191601,591.9475,180.425598,43.53824,-112.3219,USGS,Southern Idaho,2,2.0,501.955,540.7489047619048,297.0161,1.820604608915139,1.3703200836838467
2011,USGS.433218112191601,591.5075,180.291486,43.53824,-112.3219,USGS,Southern Idaho,2,2.0,537.988,540.7489047619048,297.0161,1.820604608915139,1.3703200836838467
2012,USGS.433218112191601,591.4875,180.28539,43.53824,-112.3219,USGS,Southern Idaho,2,2.0,529.195,540.7489047619048,297.0161,1.820604608915139,1.3703200836838467
2013,USGS.433218112191601,592.0425,180.454554,43.53824,-112.3219,USGS,Southern Idaho,2,2.0,505.319,540.7489047619048,297.0161,1.820604608915139,1.3703200836838467
2014,USGS.433218112191601,593.6225,180.936138,43.53824,-112.3219,USGS,Southern Idaho,2,2.0,549.819,540.7489047619048,297.0161,1.820604608915139,1.3703200836838467
2015,USGS.433218112191601,593.775,180.98262,43.53824,-112.3219,USGS,Southern Idaho,2,2.0,498.395,540.7489047619048,297.0161,1.820604608915139,1.3703200836838467
2016,USGS.433218112191601,594.805,181.296564,43.53824,-112.3219,USGS,Southern Idaho,2,2.0,570.864,540.7489047619048,297.0161,1.820604608915139,1.3703200836838467
2017,USGS.433218112191601,594.905,181.327044,43.53824,-112.3219,USGS,Southern Idaho,2,2.0,540.284,540.7489047619048,297.0161,1.820604608915139,1.3703200836838467
2018,USGS.433218112191601,593.96,181.039008,43.53824,-112.3219,USGS,Southern Idaho,2,2.0,627.587,540.7489047619048,297.0161,1.820604608915139,1.3703200836838467
2019,USGS.433218112191601,593.7625,180.97881,43.53824,-112.3219,USGS,Southern Idaho,2,2.0,598.546,540.7489047619048,297.0161,1.820604608915139,1.3703200836838467
2020,USGS.433218112191601,594.045,181.064916,43.53824,-112.3219,USGS,Southern Idaho,2,2.1,676.785,540.7489047619048,297.0161,1.820604608915139,1.3703200836838467
2000,USGS.434102112180701,412.02,125.583696,43.68389,-112.3028,USGS,Southern Idaho,2,2.0,626.692,605.4767142857143,292.1819,2.072259595325015,1.4774052970257359
2001,USGS.434102112180701,412.8657143,125.8414697,43.68389,-112.3028,USGS,Southern Idaho,2,2.0,378.503,605.4767142857143,292.1819,2.072259595325015,1.4774052970257359
2002,USGS.434102112180701,417.9014286,127.3763554,43.68389,-112.3028,USGS,Southern Idaho,2,2.0,563.631,605.4767142857143,292.1819,2.072259595325015,1.4774052970257359
2003,USGS.434102112180701,421.4628571,128.4618788,43.68389,-112.3028,USGS,Southern Idaho,2,2.0,602.943,605.4767142857143,292.1819,2.072259595325015,1.4774052970257359
2004,USGS.434102112180701,424.67,129.439416,43.68389,-112.3028,USGS,Southern Idaho,2,2.0,589.866,605.4767142857143,292.1819,2.072259595325015,1.4774052970257359
2005,USGS.434102112180701,424.765,129.468372,43.68389,-112.3028,USGS,Southern Idaho,2,2.0,571.926,605.4767142857143,292.1819,2.072259595325015,1.4774052970257359
2006,USGS.434102112180701,424.0483333,129.249932,43.68389,-112.3028,USGS,Southern Idaho,2,2.0,587.334,605.4767142857143,292.1819,2.072259595325015,1.4774052970257359
2007,USGS.434102112180701,421.4271429,128.4509932,43.68389,-112.3028,USGS,Southern Idaho,2,2.0,582.765,605.4767142857143,292.1819,2.072259595325015,1.4774052970257359
2008,USGS.434102112180701,425.52,129.698496,43.68389,-112.3028,USGS,Southern Idaho,2,2.0,491.917,605.4767142857143,292.1819,2.072259595325015,1.4774052970257359
2009,USGS.434102112180701,426.41,129.969768,43.68389,-112.3028,USGS,Southern Idaho,2,2.0,612.385,605.4767142857143,292.1819,2.072259595325015,1.4774052970257359
2010,USGS.434102112180701,423.7766667,129.167128,43.68389,-112.3028,USGS,Southern Idaho,2,2.0,580.244,605.4767142857143,292.1819,2.072259595325015,1.4774052970257359
2011,USGS.434102112180701,423.7628571,129.1629188,43.68389,-112.3028,USGS,Southern Idaho,2,2.0,612.9,605.4767142857143,292.1819,2.072259595325015,1.4774052970257359
2012,USGS.434102112180701,423.9057143,129.2064617,43.68389,-112.3028,USGS,Southern Idaho,2,2.0,547.167,605.4767142857143,292.1819,2.072259595325015,1.4774052970257359
2013,USGS.434102112180701,423.7,129.14376,43.68389,-112.3028,USGS,Southern Idaho,2,2.0,567.079,605.4767142857143,292.1819,2.072259595325015,1.4774052970257359
2014,USGS.434102112180701,427.3485714,130.2558446,43.68389,-112.3028,USGS,Southern Idaho,2,2.0,671.142,605.4767142857143,292.1819,2.072259595325015,1.4774052970257359
2015,USGS.434102112180701,427.5183333,130.307588,43.68389,-112.3028,USGS,Southern Idaho,2,2.0,665.766,605.4767142857143,292.1819,2.072259595325015,1.4774052970257359
2016,USGS.434102112180701,427.774,130.3855152,43.68389,-112.3028,USGS,Southern Idaho,2,2.0,656.947,605.4767142857143,292.1819,2.072259595325015,1.4774052970257359
2017,USGS.434102112180701,427.2,130.21056,43.68389,-112.3028,USGS,Southern Idaho,2,2.0,671.519,605.4767142857143,292.1819,2.072259595325015,1.4774052970257359
2018,USGS.434102112180701,425.18,129.594864,43.68389,-112.3028,USGS,Southern Idaho,2,2.0,718.934,605.4767142857143,292.1819,2.072259595325015,1.4774052970257359
2019,USGS.434102112180701,425.36,129.649728,43.68389,-112.3028,USGS,Southern Idaho,2,2.0,678.073,605.4767142857143,292.1819,2.072259595325015,1.4774052970257359
2020,USGS.434102112180701,425.61,129.725928,43.68389,-112.3028,USGS,Southern Idaho,2,2.1,737.278,605.4767142857143,292.1819,2.072259595325015,1.4774052970257359
2000,USGS.434657112282201,260.81,79.494888,43.78211,-112.4735,USGS,Southern Idaho,2,2.0,363.073,381.72028571428575,259.53677,1.4707753367641103,1.4289289373289211
2001,USGS.434657112282201,262.2325,79.928466,43.78211,-112.4735,USGS,Southern Idaho,2,2.0,291.495,381.72028571428575,259.53677,1.4707753367641103,1.4289289373289211
2002,USGS.434657112282201,265.345,80.877156,43.78211,-112.4735,USGS,Southern Idaho,2,2.0,333.823,381.72028571428575,259.53677,1.4707753367641103,1.4289289373289211
2003,USGS.434657112282201,269.5475,82.158078,43.78211,-112.4735,USGS,Southern Idaho,2,2.0,411.601,381.72028571428575,259.53677,1.4707753367641103,1.4289289373289211
2004,USGS.434657112282201,272.035,82.916268,43.78211,-112.4735,USGS,Southern Idaho,2,2.0,341.496,381.72028571428575,259.53677,1.4707753367641103,1.4289289373289211
2005,USGS.434657112282201,273.0125,83.21421,43.78211,-112.4735,USGS,Southern Idaho,2,2.0,381.476,381.72028571428575,259.53677,1.4707753367641103,1.4289289373289211
2006,USGS.434657112282201,273.405,83.333844,43.78211,-112.4735,USGS,Southern Idaho,2,2.0,403.444,381.72028571428575,259.53677,1.4707753367641103,1.4289289373289211
2007,USGS.434657112282201,272.215,82.971132,43.78211,-112.4735,USGS,Southern Idaho,2,2.0,393.677,381.72028571428575,259.53677,1.4707753367641103,1.4289289373289211
2008,USGS.434657112282201,273.22,83.277456,43.78211,-112.4735,USGS,Southern Idaho,2,2.0,339.934,381.72028571428575,259.53677,1.4707753367641103,1.4289289373289211
2009,USGS.434657112282201,274.25,83.5914,43.78211,-112.4735,USGS,Southern Idaho,2,2.0,441.634,381.72028571428575,259.53677,1.4707753367641103,1.4289289373289211
2010,USGS.434657112282201,273.045,83.224116,43.78211,-112.4735,USGS,Southern Idaho,2,2.0,411.522,381.72028571428575,259.53677,1.4707753367641103,1.4289289373289211
2011,USGS.434657112282201,273.4275,83.340702,43.78211,-112.4735,USGS,Southern Idaho,2,2.0,418.818,381.72028571428575,259.53677,1.4707753367641103,1.4289289373289211
2012,USGS.434657112282201,273.6275,83.401662,43.78211,-112.4735,USGS,Southern Idaho,2,2.0,296.999,381.72028571428575,259.53677,1.4707753367641103,1.4289289373289211
2013,USGS.434657112282201,273.9125,83.48853,43.78211,-112.4735,USGS,Southern Idaho,2,2.0,305.879,381.72028571428575,259.53677,1.4707753367641103,1.4289289373289211
2014,USGS.434657112282201,277.73,84.652104,43.78211,-112.4735,USGS,Southern Idaho,2,2.0,395.978,381.72028571428575,259.53677,1.4707753367641103,1.4289289373289211
2015,USGS.434657112282201,276.7369231,84.34941416,43.78211,-112.4735,USGS,Southern Idaho,2,2.0,409.654,381.72028571428575,259.53677,1.4707753367641103,1.4289289373289211
2016,USGS.434657112282201,277.1083333,84.46261999,43.78211,-112.4735,USGS,Southern Idaho,2,2.0,348.849,381.72028571428575,259.53677,1.4707753367641103,1.4289289373289211
2017,USGS.434657112282201,277.7875,84.66963,43.78211,-112.4735,USGS,Southern Idaho,2,2.0,483.375,381.72028571428575,259.53677,1.4707753367641103,1.4289289373289211
2018,USGS.434657112282201,276.1875,84.18195,43.78211,-112.4735,USGS,Southern Idaho,2,2.0,448.318,381.72028571428575,259.53677,1.4707753367641103,1.4289289373289211
2019,USGS.434657112282201,275.81,84.066888,43.78211,-112.4735,USGS,Southern Idaho,2,2.0,359.255,381.72028571428575,259.53677,1.4707753367641103,1.4289289373289211
2020,USGS.434657112282201,276.1,84.15528,43.78211,-112.4735,USGS,Southern Idaho,2,2.1,435.826,381.72028571428575,259.53677,1.4707753367641103,1.4289289373289211
2000,USSCS.352158090232301,31.06,9.467088,35.36662,-90.39071,USGS,Eastern Arkansas,2,2.0,817.963,831.3894761904762,1393.1199,0.59678243938345,1.6801464859746085
2001,USSCS.352158090232301,32.0,9.7536,35.36662,-90.39071,USGS,Eastern Arkansas,2,2.0,823.775,831.3894761904762,1393.1199,0.59678243938345,1.6801464859746085
2002,USSCS.352158090232301,33.44,10.192512,35.36662,-90.39071,USGS,Eastern Arkansas,2,2.0,718.683,831.3894761904762,1393.1199,0.59678243938345,1.6801464859746085
2003,USSCS.352158090232301,32.33333333,9.855199999,35.36662,-90.39071,USGS,Eastern Arkansas,2,2.0,749.046,831.3894761904762,1393.1199,0.59678243938345,1.6801464859746085
2004,USSCS.352158090232301,31.93666667,9.734296001,35.36662,-90.39071,USGS,Eastern Arkansas,2,2.0,800.76,831.3894761904762,1393.1199,0.59678243938345,1.6801464859746085
2005,USSCS.352158090232301,32.26666667,9.834880001,35.36662,-90.39071,USGS,Eastern Arkansas,2,2.0,821.525,831.3894761904762,1393.1199,0.59678243938345,1.6801464859746085
2006,USSCS.352158090232301,32.06666667,9.773920001,35.36662,-90.39071,USGS,Eastern Arkansas,2,2.0,837.794,831.3894761904762,1393.1199,0.59678243938345,1.6801464859746085
2007,USSCS.352158090232301,33.05,10.07364,35.36662,-90.39071,USGS,Eastern Arkansas,2,2.0,858.62,831.3894761904762,1393.1199,0.59678243938345,1.6801464859746085
2008,USSCS.352158090232301,33.55333333,10.227056,35.36662,-90.39071,USGS,Eastern Arkansas,2,2.0,828.596,831.3894761904762,1393.1199,0.59678243938345,1.6801464859746085
2009,USSCS.352158090232301,34.5,10.5156,35.36662,-90.39071,USGS,Eastern Arkansas,2,2.0,800.36,831.3894761904762,1393.1199,0.59678243938345,1.6801464859746085
2010,USSCS.352158090232301,33.83,10.311384,35.36662,-90.39071,USGS,Eastern Arkansas,2,2.0,825.694,831.3894761904762,1393.1199,0.59678243938345,1.6801464859746085
2011,USSCS.352158090232301,34.3,10.45464,35.36662,-90.39071,USGS,Eastern Arkansas,2,2.0,851.018,831.3894761904762,1393.1199,0.59678243938345,1.6801464859746085
2012,USSCS.352158090232301,33.2,10.11936,35.36662,-90.39071,USGS,Eastern Arkansas,2,2.0,959.606,831.3894761904762,1393.1199,0.59678243938345,1.6801464859746085
2013,USSCS.352158090232301,34.95,10.65276,35.36662,-90.39071,USGS,Eastern Arkansas,2,2.0,895.858,831.3894761904762,1393.1199,0.59678243938345,1.6801464859746085
2014,USSCS.352158090232301,34.59,10.543032,35.36662,-90.39071,USGS,Eastern Arkansas,2,2.0,837.412,831.3894761904762,1393.1199,0.59678243938345,1.6801464859746085
2015,USSCS.352158090232301,33.9,10.33272,35.36662,-90.39071,USGS,Eastern Arkansas,2,2.0,817.0,831.3894761904762,1393.1199,0.59678243938345,1.6801464859746085
2016,USSCS.352158090232301,33.89,10.329672,35.36662,-90.39071,USGS,Eastern Arkansas,2,2.0,832.602,831.3894761904762,1393.1199,0.59678243938345,1.6801464859746085
2017,USSCS.352158090232301,33.73,10.280904,35.36662,-90.39071,USGS,Eastern Arkansas,2,2.0,837.962,831.3894761904762,1393.1199,0.59678243938345,1.6801464859746085
2018,USSCS.352158090232301,33.3,10.14984,35.36662,-90.39071,USGS,Eastern Arkansas,2,2.0,861.98,831.3894761904762,1393.1199,0.59678243938345,1.6801464859746085
2019,USSCS.352158090232301,32.96,10.046208,35.36662,-90.39071,USGS,Eastern Arkansas,2,2.0,889.401,831.3894761904762,1393.1199,0.59678243938345,1.6801464859746085
2020,USSCS.352158090232301,32.19,9.811512,35.36662,-90.39071,USGS,Eastern Arkansas,2,2.1,793.524,831.3894761904762,1393.1199,0.59678243938345,1.6801464859746085
2000,USSCS.355018090512401,68.15,20.77212,35.83535,-90.85817,USGS,Eastern Arkansas,2,2.0,841.288,838.6143333333334,1332.219,0.629486846398177,1.6423673249564665
2001,USSCS.355018090512401,69.6,21.21408,35.83535,-90.85817,USGS,Eastern Arkansas,2,2.0,812.551,838.6143333333334,1332.219,0.629486846398177,1.6423673249564665
2002,USSCS.355018090512401,70.6,21.51888,35.83535,-90.85817,USGS,Eastern Arkansas,2,2.0,815.645,838.6143333333334,1332.219,0.629486846398177,1.6423673249564665
2003,USSCS.355018090512401,72.55,22.11324,35.83535,-90.85817,USGS,Eastern Arkansas,2,2.0,830.311,838.6143333333334,1332.219,0.629486846398177,1.6423673249564665
2004,USSCS.355018090512401,72.1,21.97608,35.83535,-90.85817,USGS,Eastern Arkansas,2,2.0,821.327,838.6143333333334,1332.219,0.629486846398177,1.6423673249564665
2005,USSCS.355018090512401,72.65,22.14372,35.83535,-90.85817,USGS,Eastern Arkansas,2,2.0,832.535,838.6143333333334,1332.219,0.629486846398177,1.6423673249564665
2006,USSCS.355018090512401,76.1,23.19528,35.83535,-90.85817,USGS,Eastern Arkansas,2,2.0,841.063,838.6143333333334,1332.219,0.629486846398177,1.6423673249564665
2007,USSCS.355018090512401,78.25,23.8506,35.83535,-90.85817,USGS,Eastern Arkansas,2,2.0,867.371,838.6143333333334,1332.219,0.629486846398177,1.6423673249564665
2008,USSCS.355018090512401,77.9,23.74392,35.83535,-90.85817,USGS,Eastern Arkansas,2,2.0,840.042,838.6143333333334,1332.219,0.629486846398177,1.6423673249564665
2009,USSCS.355018090512401,77.5,23.622,35.83535,-90.85817,USGS,Eastern Arkansas,2,2.0,786.641,838.6143333333334,1332.219,0.629486846398177,1.6423673249564665
2010,USSCS.355018090512401,76.0,23.1648,35.83535,-90.85817,USGS,Eastern Arkansas,2,2.0,849.51,838.6143333333334,1332.219,0.629486846398177,1.6423673249564665
2011,USSCS.355018090512401,76.8,23.40864,35.83535,-90.85817,USGS,Eastern Arkansas,2,2.0,870.051,838.6143333333334,1332.219,0.629486846398177,1.6423673249564665
2012,USSCS.355018090512401,79.5,24.2316,35.83535,-90.85817,USGS,Eastern Arkansas,2,2.0,883.815,838.6143333333334,1332.219,0.629486846398177,1.6423673249564665
2013,USSCS.355018090512401,78.7,23.98776,35.83535,-90.85817,USGS,Eastern Arkansas,2,2.0,876.879,838.6143333333334,1332.219,0.629486846398177,1.6423673249564665
2014,USSCS.355018090512401,76.5,23.3172,35.83535,-90.85817,USGS,Eastern Arkansas,2,2.0,857.813,838.6143333333334,1332.219,0.629486846398177,1.6423673249564665
2015,USSCS.355018090512401,75.0,22.86,35.83535,-90.85817,USGS,Eastern Arkansas,2,2.0,841.091,838.6143333333334,1332.219,0.629486846398177,1.6423673249564665
2016,USSCS.355018090512401,81.0,24.6888,35.83535,-90.85817,USGS,Eastern Arkansas,2,2.0,828.483,838.6143333333334,1332.219,0.629486846398177,1.6423673249564665
2017,USSCS.355018090512401,82.125,25.0317,35.83535,-90.85817,USGS,Eastern Arkansas,2,2.0,810.945,838.6143333333334,1332.219,0.629486846398177,1.6423673249564665
2018,USSCS.355018090512401,81.66,24.889968,35.83535,-90.85817,USGS,Eastern Arkansas,2,2.0,874.23,838.6143333333334,1332.219,0.629486846398177,1.6423673249564665
2019,USSCS.355018090512401,84.0,25.6032,35.83535,-90.85817,USGS,Eastern Arkansas,2,2.0,826.354,838.6143333333334,1332.219,0.629486846398177,1.6423673249564665
2020,USSCS.355018090512401,79.715,24.297132,35.83535,-90.85817,USGS,Eastern Arkansas,2,2.1,802.956,838.6143333333334,1332.219,0.629486846398177,1.6423673249564665
2000,amargosa,128.5000041,39.1668,36.55634,-116.496,Jasechko,Southwest US,2,2.0,63.532,67.96414285714286,122.1752,0.5562842710258353,1.8140938817648644
2001,amargosa,128.4700041,39.157656,36.55634,-116.496,Jasechko,Southwest US,2,2.0,50.204,67.96414285714286,122.1752,0.5562842710258353,1.8140938817648644
2002,amargosa,129.7400042,39.544752,36.55634,-116.496,Jasechko,Southwest US,2,2.0,53.795,67.96414285714286,122.1752,0.5562842710258353,1.8140938817648644
2003,amargosa,132.7600042,40.465248,36.55634,-116.496,Jasechko,Southwest US,2,2.0,84.088,67.96414285714286,122.1752,0.5562842710258353,1.8140938817648644
2004,amargosa,134.8450043,41.100756,36.55634,-116.496,Jasechko,Southwest US,2,2.0,75.522,67.96414285714286,122.1752,0.5562842710258353,1.8140938817648644
2005,amargosa,136.5200044,41.611296,36.55634,-116.496,Jasechko,Southwest US,2,2.0,90.622,67.96414285714286,122.1752,0.5562842710258353,1.8140938817648644
2006,amargosa,138.2900044,42.150792,36.55634,-116.496,Jasechko,Southwest US,2,2.0,32.379,67.96414285714286,122.1752,0.5562842710258353,1.8140938817648644
2007,amargosa,140.9850045,42.972228,36.55634,-116.496,Jasechko,Southwest US,2,2.0,72.303,67.96414285714286,122.1752,0.5562842710258353,1.8140938817648644
2008,amargosa,143.0000046,43.5864,36.55634,-116.496,Jasechko,Southwest US,2,2.0,50.192,67.96414285714286,122.1752,0.5562842710258353,1.8140938817648644
2009,amargosa,143.6400046,43.781472,36.55634,-116.496,Jasechko,Southwest US,2,2.0,51.437,67.96414285714286,122.1752,0.5562842710258353,1.8140938817648644
2010,amargosa,144.4100046,44.016168,36.55634,-116.496,Jasechko,Southwest US,2,2.0,65.209,67.96414285714286,122.1752,0.5562842710258353,1.8140938817648644
2011,amargosa,144.0200046,43.897296,36.55634,-116.496,Jasechko,Southwest US,2,2.0,57.325,67.96414285714286,122.1752,0.5562842710258353,1.8140938817648644
2012,amargosa,144.9400046,44.177712,36.55634,-116.496,Jasechko,Southwest US,2,2.0,61.526,67.96414285714286,122.1752,0.5562842710258353,1.8140938817648644
2013,amargosa,146.1300047,44.540424,36.55634,-116.496,Jasechko,Southwest US,2,2.0,64.603,67.96414285714286,122.1752,0.5562842710258353,1.8140938817648644
2014,amargosa,146.5900047,44.680632,36.55634,-116.496,Jasechko,Southwest US,2,2.0,72.942,67.96414285714286,122.1752,0.5562842710258353,1.8140938817648644
2015,amargosa,147.1900047,44.863512,36.55634,-116.496,Jasechko,Southwest US,2,2.0,83.016,67.96414285714286,122.1752,0.5562842710258353,1.8140938817648644
2016,amargosa,147.3650047,44.916852,36.55634,-116.496,Jasechko,Southwest US,2,2.0,105.164,67.96414285714286,122.1752,0.5562842710258353,1.8140938817648644
2017,amargosa,148.2150047,45.175932,36.55634,-116.496,Jasechko,Southwest US,2,2.0,73.337,67.96414285714286,122.1752,0.5562842710258353,1.8140938817648644
2018,amargosa,147.3300047,44.906184,36.55634,-116.496,Jasechko,Southwest US,2,2.0,75.912,67.96414285714286,122.1752,0.5562842710258353,1.8140938817648644
2019,amargosa,147.0400047,44.817792,36.55634,-116.496,Jasechko,Southwest US,2,2.0,70.311,67.96414285714286,122.1752,0.5562842710258353,1.8140938817648644
2020,amargosa,147.8100047,45.052488,36.55634,-116.496,Jasechko,Southwest US,2,2.1,73.828,67.96414285714286,122.1752,0.5562842710258353,1.8140938817648644
2002,butler_valley,199.8000064,60.89904,33.95808,-113.784,Jasechko,Southwest US,2,2.0,824.55,906.1183333333332,170.96635,5.299980435751233,1.963133571066016
2003,butler_valley,206.0000066,62.7888,33.95808,-113.784,Jasechko,Southwest US,2,2.0,812.404,906.1183333333332,170.96635,5.299980435751233,1.963133571066016
2004,butler_valley,198.2000063,60.41136,33.95808,-113.784,Jasechko,Southwest US,2,2.0,478.267,906.1183333333332,170.96635,5.299980435751233,1.963133571066016
2005,butler_valley,209.4000067,63.82512,33.95808,-113.784,Jasechko,Southwest US,2,2.0,957.668,906.1183333333332,170.96635,5.299980435751233,1.963133571066016
2007,butler_valley,214.4000069,65.34912,33.95808,-113.784,Jasechko,Southwest US,2,2.0,1039.268,906.1183333333332,170.96635,5.299980435751233,1.963133571066016
2008,butler_valley,212.2000068,64.67856,33.95808,-113.784,Jasechko,Southwest US,2,2.0,971.975,906.1183333333332,170.96635,5.299980435751233,1.963133571066016
2009,butler_valley,211.1000068,64.34328,33.95808,-113.784,Jasechko,Southwest US,2,2.0,728.939,906.1183333333332,170.96635,5.299980435751233,1.963133571066016
2010,butler_valley,207.6000066,63.27648,33.95808,-113.784,Jasechko,Southwest US,2,2.0,597.363,906.1183333333332,170.96635,5.299980435751233,1.963133571066016
2013,butler_valley,219.750007,66.9798,33.95808,-113.784,Jasechko,Southwest US,2,2.0,1025.928,906.1183333333332,170.96635,5.299980435751233,1.963133571066016
2014,butler_valley,228.9000073,69.76872,33.95808,-113.784,Jasechko,Southwest US,2,2.0,980.227,906.1183333333332,170.96635,5.299980435751233,1.963133571066016
2016,butler_valley,250.700008,76.41336,33.95808,-113.784,Jasechko,Southwest US,2,2.0,1060.328,906.1183333333332,170.96635,5.299980435751233,1.963133571066016
2020,butler_valley,306.3000098,93.36024,33.95808,-113.784,Jasechko,Southwest US,2,2.1,1396.503,906.1183333333332,170.96635,5.299980435751233,1.963133571066016
2000,cuyama,307.2500098,93.6498,34.89025548,-119.6165171,Jasechko,Southwest US,2,2.0,211.504,185.9828421052632,264.8536,0.7022099645426249,3.3373638942910597
2001,cuyama,307.4000098,93.69552,34.89025548,-119.6165171,Jasechko,Southwest US,2,2.0,196.788,185.9828421052632,264.8536,0.7022099645426249,3.3373638942910597
2002,cuyama,308.1800099,93.933264,34.89025548,-119.6165171,Jasechko,Southwest US,2,2.0,105.969,185.9828421052632,264.8536,0.7022099645426249,3.3373638942910597
2003,cuyama,308.6500099,94.07652,34.89025548,-119.6165171,Jasechko,Southwest US,2,2.0,234.441,185.9828421052632,264.8536,0.7022099645426249,3.3373638942910597
2004,cuyama,309.8000099,94.42704,34.89025548,-119.6165171,Jasechko,Southwest US,2,2.0,153.368,185.9828421052632,264.8536,0.7022099645426249,3.3373638942910597
2005,cuyama,311.24001,94.865952,34.89025548,-119.6165171,Jasechko,Southwest US,2,2.0,268.748,185.9828421052632,264.8536,0.7022099645426249,3.3373638942910597
2006,cuyama,311.99001,95.094552,34.89025548,-119.6165171,Jasechko,Southwest US,2,2.0,183.746,185.9828421052632,264.8536,0.7022099645426249,3.3373638942910597
2007,cuyama,314.5600101,95.877888,34.89025548,-119.6165171,Jasechko,Southwest US,2,2.0,88.809,185.9828421052632,264.8536,0.7022099645426249,3.3373638942910597
2008,cuyama,316.9500101,96.60636,34.89025548,-119.6165171,Jasechko,Southwest US,2,2.0,114.276,185.9828421052632,264.8536,0.7022099645426249,3.3373638942910597
2009,cuyama,318.7550102,97.156524,34.89025548,-119.6165171,Jasechko,Southwest US,2,2.0,126.986,185.9828421052632,264.8536,0.7022099645426249,3.3373638942910597
2010,cuyama,319.2450102,97.305876,34.89025548,-119.6165171,Jasechko,Southwest US,2,2.0,244.937,185.9828421052632,264.8536,0.7022099645426249,3.3373638942910597
2011,cuyama,321.1850103,97.897188,34.89025548,-119.6165171,Jasechko,Southwest US,2,2.0,186.59,185.9828421052632,264.8536,0.7022099645426249,3.3373638942910597
2012,cuyama,322.4500103,98.28276,34.89025548,-119.6165171,Jasechko,Southwest US,2,2.0,138.674,185.9828421052632,264.8536,0.7022099645426249,3.3373638942910597
2013,cuyama,324.3400104,98.858832,34.89025548,-119.6165171,Jasechko,Southwest US,2,2.0,170.515,185.9828421052632,264.8536,0.7022099645426249,3.3373638942910597
2014,cuyama,324.8000104,98.99904,34.89025548,-119.6165171,Jasechko,Southwest US,2,2.0,125.114,185.9828421052632,264.8536,0.7022099645426249,3.3373638942910597
2015,cuyama,326.5400104,99.529392,34.89025548,-119.6165171,Jasechko,Southwest US,2,2.0,252.209,185.9828421052632,264.8536,0.7022099645426249,3.3373638942910597
2016,cuyama,327.6100105,99.855528,34.89025548,-119.6165171,Jasechko,Southwest US,2,2.0,310.814,185.9828421052632,264.8536,0.7022099645426249,3.3373638942910597
2017,cuyama,329.4000105,100.40112,34.89025548,-119.6165171,Jasechko,Southwest US,2,2.0,260.056,185.9828421052632,264.8536,0.7022099645426249,3.3373638942910597
2018,cuyama,330.1100106,100.617528,34.89025548,-119.6165171,Jasechko,Southwest US,2,2.0,160.13,185.9828421052632,264.8536,0.7022099645426249,3.3373638942910597
2007,hualapai_valley,360.0000115,109.728,35.47122,-113.976,Jasechko,Southwest US,2,2.0,97.116,274.5532,272.82227,1.006344549522139,1.8628220966324032
2014,hualapai_valley,440.0000141,134.112,35.47122,-113.976,Jasechko,Southwest US,2,2.0,214.445,274.5532,272.82227,1.006344549522139,1.8628220966324032
2018,hualapai_valley,456.2798702,139.0741,35.47122,-113.976,Jasechko,Southwest US,2,2.0,411.264,274.5532,272.82227,1.006344549522139,1.8628220966324032
2019,hualapai_valley,454.740172,138.6048,35.47122,-113.976,Jasechko,Southwest US,2,2.0,330.817,274.5532,272.82227,1.006344549522139,1.8628220966324032
2020,hualapai_valley,454.0498833,138.3944,35.47122,-113.976,Jasechko,Southwest US,2,2.1,319.124,274.5532,272.82227,1.006344549522139,1.8628220966324032
2000,mcmullen_valley,615.0000197,187.452,33.95725,-113.08,Jasechko,Southwest US,2,2.0,239.207,322.7436,226.78438,1.4231297709859976,1.9744323379896465
2001,mcmullen_valley,615.1000853,187.4825,33.95725,-113.08,Jasechko,Southwest US,2,2.0,405.351,322.7436,226.78438,1.4231297709859976,1.9744323379896465
2003,mcmullen_valley,617.2598623,188.1408,33.95725,-113.08,Jasechko,Southwest US,2,2.0,311.522,322.7436,226.78438,1.4231297709859976,1.9744323379896465
2004,mcmullen_valley,618.6000854,188.5493,33.95725,-113.08,Jasechko,Southwest US,2,2.0,220.172,322.7436,226.78438,1.4231297709859976,1.9744323379896465
2005,mcmullen_valley,620.2998886,189.0674,33.95725,-113.08,Jasechko,Southwest US,2,2.0,536.302,322.7436,226.78438,1.4231297709859976,1.9744323379896465
2006,mcmullen_valley,623.0000199,189.8904,33.95725,-113.08,Jasechko,Southwest US,2,2.0,322.037,322.7436,226.78438,1.4231297709859976,1.9744323379896465
2007,mcmullen_valley,624.7001512,190.4086,33.95725,-113.08,Jasechko,Southwest US,2,2.0,238.645,322.7436,226.78438,1.4231297709859976,1.9744323379896465
2008,mcmullen_valley,626.00002,190.8048,33.95725,-113.08,Jasechko,Southwest US,2,2.0,341.327,322.7436,226.78438,1.4231297709859976,1.9744323379896465
2009,mcmullen_valley,627.6000857,191.2925,33.95725,-113.08,Jasechko,Southwest US,2,2.0,306.218,322.7436,226.78438,1.4231297709859976,1.9744323379896465
2010,mcmullen_valley,628.7001514,191.6278,33.95725,-113.08,Jasechko,Southwest US,2,2.0,356.406,322.7436,226.78438,1.4231297709859976,1.9744323379896465
2011,mcmullen_valley,629.6000858,191.9021,33.95725,-113.08,Jasechko,Southwest US,2,2.0,163.269,322.7436,226.78438,1.4231297709859976,1.9744323379896465
2012,mcmullen_valley,630.7001514,192.2374,33.95725,-113.08,Jasechko,Southwest US,2,2.0,228.6,322.7436,226.78438,1.4231297709859976,1.9744323379896465
2013,mcmullen_valley,631.5000202,192.4812,33.95725,-113.08,Jasechko,Southwest US,2,2.0,349.924,322.7436,226.78438,1.4231297709859976,1.9744323379896465
2014,mcmullen_valley,632.8999546,192.9079,33.95725,-113.08,Jasechko,Southwest US,2,2.0,345.049,322.7436,226.78438,1.4231297709859976,1.9744323379896465
2015,mcmullen_valley,634.2001515,193.3042,33.95725,-113.08,Jasechko,Southwest US,2,2.0,344.293,322.7436,226.78438,1.4231297709859976,1.9744323379896465
2016,mcmullen_valley,635.1000859,193.5785,33.95725,-113.08,Jasechko,Southwest US,2,2.0,261.969,322.7436,226.78438,1.4231297709859976,1.9744323379896465
2017,mcmullen_valley,636.8999548,194.1271,33.95725,-113.08,Jasechko,Southwest US,2,2.0,371.31,322.7436,226.78438,1.4231297709859976,1.9744323379896465
2018,mcmullen_valley,637.600086,194.3405,33.95725,-113.08,Jasechko,Southwest US,2,2.0,312.826,322.7436,226.78438,1.4231297709859976,1.9744323379896465
2019,mcmullen_valley,639.6000861,194.9501,33.95725,-113.08,Jasechko,Southwest US,2,2.0,337.944,322.7436,226.78438,1.4231297709859976,1.9744323379896465
2020,mcmullen_valley,641.1000861,195.4073,33.95725,-113.08,Jasechko,Southwest US,2,2.1,462.501,322.7436,226.78438,1.4231297709859976,1.9744323379896465
2003,san_simon_valley,221.8000071,67.60464,32.17119,-109.158,Jasechko,Southwest US,2,2.0,486.037,655.7603636363636,301.69232,2.1736064072599457,1.7681937671827965
2004,san_simon_valley,218.900007,66.72072,32.17119,-109.158,Jasechko,Southwest US,2,2.0,632.659,655.7603636363636,301.69232,2.1736064072599457,1.7681937671827965
2005,san_simon_valley,234.8000075,71.56704,32.17119,-109.158,Jasechko,Southwest US,2,2.0,706.418,655.7603636363636,301.69232,2.1736064072599457,1.7681937671827965
2007,san_simon_valley,221.3000071,67.45224,32.17119,-109.158,Jasechko,Southwest US,2,2.0,828.316,655.7603636363636,301.69232,2.1736064072599457,1.7681937671827965
2008,san_simon_valley,269.1000086,82.02168,32.17119,-109.158,Jasechko,Southwest US,2,2.0,770.494,655.7603636363636,301.69232,2.1736064072599457,1.7681937671827965
2009,san_simon_valley,278.5000089,84.8868,32.17119,-109.158,Jasechko,Southwest US,2,2.0,691.744,655.7603636363636,301.69232,2.1736064072599457,1.7681937671827965
2010,san_simon_valley,246.6000079,75.16368,32.17119,-109.158,Jasechko,Southwest US,2,2.0,551.3,655.7603636363636,301.69232,2.1736064072599457,1.7681937671827965
2011,san_simon_valley,244.9000078,74.64552,32.17119,-109.158,Jasechko,Southwest US,2,2.0,638.854,655.7603636363636,301.69232,2.1736064072599457,1.7681937671827965
2013,san_simon_valley,274.6000088,83.69808,32.17119,-109.158,Jasechko,Southwest US,2,2.0,559.053,655.7603636363636,301.69232,2.1736064072599457,1.7681937671827965
2015,san_simon_valley,273.4500088,83.34756,32.17119,-109.158,Jasechko,Southwest US,2,2.0,426.777,655.7603636363636,301.69232,2.1736064072599457,1.7681937671827965
2020,san_simon_valley,374.7998808,114.239,32.17119,-109.158,Jasechko,Southwest US,2,2.1,921.712,655.7603636363636,301.69232,2.1736064072599457,1.7681937671827965
2006,southern_willcox,140.7000045,42.88536,31.36597,-109.663,Jasechko,Southwest US,2,2.0,287.063,366.1646666666667,355.45618,1.0301260481855414,1.8268332542876602
2011,southern_willcox,132.7000042,40.44696,31.36597,-109.663,Jasechko,Southwest US,2,2.0,224.527,366.1646666666667,355.45618,1.0301260481855414,1.8268332542876602
2012,southern_willcox,132.0000042,40.2336,31.36597,-109.663,Jasechko,Southwest US,2,2.0,257.651,366.1646666666667,355.45618,1.0301260481855414,1.8268332542876602
2013,southern_willcox,131.5000042,40.0812,31.36597,-109.663,Jasechko,Southwest US,2,2.0,370.303,366.1646666666667,355.45618,1.0301260481855414,1.8268332542876602
2015,southern_willcox,132.5000042,40.386,31.36597,-109.663,Jasechko,Southwest US,2,2.0,443.088,366.1646666666667,355.45618,1.0301260481855414,1.8268332542876602
2016,southern_willcox,134.7000043,41.05656,31.36597,-109.663,Jasechko,Southwest US,2,2.0,375.619,366.1646666666667,355.45618,1.0301260481855414,1.8268332542876602
2018,southern_willcox,147.0000047,44.8056,31.36597,-109.663,Jasechko,Southwest US,2,2.0,411.596,366.1646666666667,355.45618,1.0301260481855414,1.8268332542876602
2019,southern_willcox,153.0000049,46.6344,31.36597,-109.663,Jasechko,Southwest US,2,2.0,444.251,366.1646666666667,355.45618,1.0301260481855414,1.8268332542876602
2020,southern_willcox,154.700005,47.15256,31.36597,-109.663,Jasechko,Southwest US,2,2.1,481.384,366.1646666666667,355.45618,1.0301260481855414,1.8268332542876602
2000,willcox,253.7000081,77.32776,32.03619,-109.754,Jasechko,Southwest US,2,2.0,689.469,746.2773333333333,333.1445,2.240101012301372,1.7087344193533618
2003,willcox,272.5000087,83.058,32.03619,-109.754,Jasechko,Southwest US,2,2.0,828.63,746.2773333333333,333.1445,2.240101012301372,1.7087344193533618
2004,willcox,277.7000089,84.64296,32.03619,-109.754,Jasechko,Southwest US,2,2.0,784.932,746.2773333333333,333.1445,2.240101012301372,1.7087344193533618
2005,willcox,289.4000093,88.20912,32.03619,-109.754,Jasechko,Southwest US,2,2.0,817.965,746.2773333333333,333.1445,2.240101012301372,1.7087344193533618
2007,willcox,303.9000097,92.62872,32.03619,-109.754,Jasechko,Southwest US,2,2.0,813.826,746.2773333333333,333.1445,2.240101012301372,1.7087344193533618
2011,willcox,325.5000104,99.2124,32.03619,-109.754,Jasechko,Southwest US,2,2.0,750.061,746.2773333333333,333.1445,2.240101012301372,1.7087344193533618
2013,willcox,346.2998798,105.5522,32.03619,-109.754,Jasechko,Southwest US,2,2.0,773.887,746.2773333333333,333.1445,2.240101012301372,1.7087344193533618
2014,willcox,346.8999455,105.7351,32.03619,-109.754,Jasechko,Southwest US,2,2.0,805.9,746.2773333333333,333.1445,2.240101012301372,1.7087344193533618
2015,willcox,352.0000113,107.2896,32.03619,-109.754,Jasechko,Southwest US,2,2.0,709.303,746.2773333333333,333.1445,2.240101012301372,1.7087344193533618
2017,willcox,372.7500119,113.6142,32.03619,-109.754,Jasechko,Southwest US,2,2.0,601.719,746.2773333333333,333.1445,2.240101012301372,1.7087344193533618
2019,willcox,392.1000782,119.5121,32.03619,-109.754,Jasechko,Southwest US,2,2.0,656.576,746.2773333333333,333.1445,2.240101012301372,1.7087344193533618
2020,willcox,402.8999473,122.8039,32.03619,-109.754,Jasechko,Southwest US,2,2.1,723.06,746.2773333333333,333.1445,2.240101012301372,1.7087344193533618
